,fwc_link,course_titles,coupon_links,coupon_url
0,https://freewebcart.com/category/provider/udemy-coupon/,Professional Certificate in Customer Experience Management - Freewebcart,https://freewebcart.com/professional-certificate-in-customer-experience-management/,https://www.udemy.com/course/professional-certificate-in-customer-experience-management/?couponCode=880E2770117447E74D64
1,https://freewebcart.com/category/provider/udemy-coupon/,Google Cloud Network Engineer (PCNE) Full Practice Exams - Freewebcart,https://freewebcart.com/google-cloud-network-engineer-pcne-full-practice-exams/,https://www.udemy.com/course/google-cloud-network-engineer-pcne-full-practice-exams/?couponCode=5696324MAYTAR1
2,https://freewebcart.com/category/provider/udemy-coupon/,Java Network Programming - Mastering TCP/IP : CJNP+ 2024 JVA - Freewebcart,https://freewebcart.com/java-network-programming-mastering-tcp-ip-cjnp-2024-jva/,https://www.udemy.com/course/network-programming-java-mastering-java-networking/?couponCode=OCSALY-LOVES-YOU
3,https://freewebcart.com/category/provider/udemy-coupon/,C++ Code Like you are in MATRIX : Mastering C++ in 13 Hours - Freewebcart,https://freewebcart.com/c-code-like-you-are-in-matrix-mastering-c-in-13-hours/,https://www.udemy.com/course/c-programming-for-everyone/?couponCode=OCSALY-LOVES-YOU
4,https://freewebcart.com/category/provider/udemy-coupon/,Android App Development in 34 Hours : MobDevOps+ Android 15 - Freewebcart,https://freewebcart.com/android-app-development-in-34-hours-mobdevops-android-15/,https://www.udemy.com/course/android-kotlin-development/?couponCode=OCSALY-LOVES-YOU
5,https://freewebcart.com/category/provider/udemy-coupon/,Metasploit from Scratch: Beginner to Professional - Freewebcart,https://freewebcart.com/metasploit-from-scratch-beginner-to-professional/,https://www.udemy.com/course/metasploit-from-scratch-beginner-to-professional/?couponCode=BA590F982541934ECE94
6,https://freewebcart.com/category/provider/udemy-coupon/,Upgrade Your Social Media Presence with ChatGPT - Freewebcart,https://freewebcart.com/upgrade-your-social-media-presence-with-chatgpt/,https://www.udemy.com/course/upgrade-your-social-media-presence-with-chat-gpt/?couponCode=06MAY2025
7,https://freewebcart.com/category/provider/udemy-coupon/,Bootstrap Mastery: Build Responsive Websites Like a Pro - Freewebcart,https://freewebcart.com/bootstrap-mastery-build-responsive-websites-like-a-pro/,https://www.udemy.com/course/bootstrap-53-mastery-build-responsive-websites-like-a-pro/?couponCode=7D7A5E6959D4E593BB9C
8,https://freewebcart.com/category/provider/udemy-coupon/,Python Programming Mastery: From Beginner to Pro - Freewebcart,https://freewebcart.com/python-programming-mastery-from-beginner-to-pro/,https://www.udemy.com/course/python-programming-mastery-from-beginner-to-pro/?couponCode=D8E550D1A92957F63B2D
9,https://freewebcart.com/category/provider/udemy-coupon/,CSS Fundamentals: Comprehensive Training for Web Developers - Freewebcart,https://freewebcart.com/css-fundamentals-comprehensive-training-for-web-developers/,https://www.udemy.com/course/css-fundamentals-comprehensive-training-for-web-developers/?couponCode=171011CA0C485D279977
10,https://freewebcart.com/category/provider/udemy-coupon/page/2/,Laravel and Postman Rest API Development: Beginner to Pro - Freewebcart,https://freewebcart.com/laravel-and-postman-rest-api-development-beginner-to-pro/,https://www.udemy.com/course/laravel-and-postman-rest-api-development-beginner-to-pro/?couponCode=0033E203FBC787B06E8F
11,https://freewebcart.com/category/provider/udemy-coupon/page/2/,JavaScript Mastery From Basics to Advanced 2025 - Freewebcart,https://freewebcart.com/javascript-mastery-from-basics-to-advanced-2025/,https://www.udemy.com/course/javascript-mastery-from-basics-to-advanced/?couponCode=ECAB725FD72A5DB10A9C
12,https://freewebcart.com/category/provider/udemy-coupon/page/2/,Master Git Fast: Your Practical Guide to Version Control - Freewebcart,https://freewebcart.com/master-git-fast-your-practical-guide-to-version-control/,https://www.udemy.com/course/master-git-fast-your-practical-guide-to-version-control/?couponCode=FREEMAY2025
13,https://freewebcart.com/category/provider/udemy-coupon/page/2/,Mastering HTML5: From Beginner to Advanced 2025 - Freewebcart,https://freewebcart.com/mastering-html5-from-beginner-to-advanced-2025/,https://www.udemy.com/course/mastering-html5-from-beginner-to-advanced/?couponCode=AC114BFDAAAC8793BEA7
14,https://freewebcart.com/category/provider/udemy-coupon/page/2/,Python Bootcamp+Replit Python Programming Beginner Tutorial - Freewebcart,https://freewebcart.com/python-bootcampreplit-python-programming-beginner-tutorial/,https://www.udemy.com/course/python-programming-replit/?couponCode=060525_FREE
15,https://freewebcart.com/category/provider/udemy-coupon/page/2/,"Linux for Devops, Cloud Engineers and Developers - Freewebcart",https://freewebcart.com/linux-for-devops-cloud-engineers-and-developers/,https://www.udemy.com/course/init6-linux/?couponCode=MAY2025
16,https://freewebcart.com/category/provider/udemy-coupon/page/2/,Google Colab Tutorial 2025: From Beginner Basics to Advance - Freewebcart,https://freewebcart.com/google-colab-tutorial-2025-from-beginner-basics-to-advance/,https://www.udemy.com/course/google-colab-tutorial-2025-from-beginner-basics-to-advance/?couponCode=5FB269D1DC37F06E2D85
17,https://freewebcart.com/category/provider/udemy-coupon/page/2/,Complete Python and Machine Learning in Financial Analysis - Freewebcart,https://freewebcart.com/complete-python-and-machine-learning-in-financial-analysis/,https://www.udemy.com/course/python-and-machine-learning-in-financial-analysis/?couponCode=FA7C1AD8008A80C70F12
18,https://freewebcart.com/category/provider/udemy-coupon/page/2/,Virtual Influencers & Digital Avatar: A Marketing Revolution - Freewebcart,https://freewebcart.com/virtual-influencers-digital-avatar-a-marketing-revolution/,https://www.udemy.com/course/virtual-influencers-digital-avatar-a-marketing-revolution/?couponCode=C9327CCDAC0B058C372F
19,https://freewebcart.com/category/provider/udemy-coupon/page/2/,Golang For Absolute Beginners - Freewebcart,https://freewebcart.com/golang-for-absolute-beginners/,https://www.udemy.com/course/golang-for-absolute-beginners/?couponCode=GO_FOR_FREE_MAY
20,https://freewebcart.com/category/provider/udemy-coupon/page/3/,AI & Quantum Computing Mastery: From Zero to Expert Bootcamp - Freewebcart,https://freewebcart.com/ai-quantum-computing-mastery-from-zero-to-expert-bootcamp/,https://www.udemy.com/course/ai-quantum-computing-mastery-from-zero-to-expert-bootcamp/?couponCode=MAY2025BB
21,https://freewebcart.com/category/provider/udemy-coupon/page/3/,Mastering AI Agents Bootcamp: Build Smart Chatbots & Tools - Freewebcart,https://freewebcart.com/mastering-ai-agents-bootcamp-build-smart-chatbots-tools/,https://www.udemy.com/course/mastering-ai-agents-bootcamp-build-smart-chatbots-tools/?couponCode=MAY2025BB
22,https://freewebcart.com/category/provider/udemy-coupon/page/3/,PHP for Beginners: The Complete PHP MySQL PDO Course - Freewebcart,https://freewebcart.com/php-for-beginners-the-complete-php-mysql-pdo-course/,https://www.udemy.com/course/php-for-beginners-2021-the-complete-php-mysql-pdo-course/?couponCode=FULLSTACK110
23,https://freewebcart.com/category/provider/udemy-coupon/page/3/,Mastering Product Management with AI Tools 2025 - Freewebcart,https://freewebcart.com/mastering-product-management-with-ai-tools-2025/,https://www.udemy.com/course/chatgpt-for-product-management-and-innovation/?couponCode=B5EB7CCA94C3A7C4EA97
24,https://freewebcart.com/category/provider/udemy-coupon/page/3/,Microsoft Excel - Beginner to Advance with Example - Freewebcart,https://freewebcart.com/microsoft-excel-beginner-to-advance-with-example/,https://www.udemy.com/course/learn-excel-from-beginner-to-advance-with-example/?couponCode=MAYONE25
25,https://freewebcart.com/category/provider/udemy-coupon/page/3/,Mastering ChatGPT (AI) and PowerPoint presentation - Freewebcart,https://freewebcart.com/mastering-chatgpt-ai-and-powerpoint-presentation/,https://www.udemy.com/course/mastering-chatgpt-ai-and-powerpoint-presentation/?couponCode=MAYONE25
26,https://freewebcart.com/category/provider/udemy-coupon/page/3/,DynamoDB Mastery 2025: High Performance Strategies Included - Freewebcart,https://freewebcart.com/dynamodb-mastery-2025-high-performance-strategies-included/,https://www.udemy.com/course/aws-dynamodb-mastery-2025/?couponCode=DYNAMODB
27,https://freewebcart.com/category/provider/udemy-coupon/page/3/,Unlock Fluent English: Master Idioms for Rapid Communication - Freewebcart,https://freewebcart.com/unlock-fluent-english-master-idioms-for-rapid-communication/,https://www.udemy.com/course/english-idioms-course-to-speak-fluently/?couponCode=3C3947F342607C279E4F
28,https://freewebcart.com/category/provider/udemy-coupon/page/3/,Complete Social Media Marketing Course - Freewebcart,https://freewebcart.com/complete-social-media-marketing-course/,https://www.udemy.com/course/best-social-media-marketing-training-course/?couponCode=LOYAL15NOW
29,https://freewebcart.com/category/provider/udemy-coupon/page/3/,Kubernetes for developers - Freewebcart,https://freewebcart.com/kubernetes-for-developers/,https://www.udemy.com/course/kubernetes-for-developers/?couponCode=AKS-DEV-0503
30,https://freewebcart.com/category/provider/udemy-coupon/page/4/,Practical Kubernetes Guide - Freewebcart,https://freewebcart.com/practical-kubernetes-guide/,https://www.udemy.com/course/kubernetes-best-practices/?couponCode=AZURE-AKS-0503
31,https://freewebcart.com/category/provider/udemy-coupon/page/4/,Learn Infra as Code with Azure Bicep - Freewebcart,https://freewebcart.com/learn-infra-as-code-with-azure-bicep/,https://www.udemy.com/course/learn-azure-bicep/?couponCode=AZURE-BICEP-0503
32,https://freewebcart.com/category/provider/udemy-coupon/page/4/,Learn Github Actions for CI/CD DevOps Pipelines - Freewebcart,https://freewebcart.com/learn-github-actions-for-ci-cd-devops-pipelines/,https://www.udemy.com/course/learn-github-actions-ci-cd-devops-pipelines/?couponCode=GITHUB-ACTIONS-0503
33,https://freewebcart.com/category/provider/udemy-coupon/page/4/,Getting started with Azure Cloud - Freewebcart,https://freewebcart.com/getting-started-with-azure-cloud/,https://www.udemy.com/course/microsoft-azure-cloud/?couponCode=AZURE-CLOUD-0503
34,https://freewebcart.com/category/provider/udemy-coupon/page/4/,Maîtriser Github Actions et les pipelines DevOps CI/CD - Freewebcart,https://freewebcart.com/maitriser-github-actions-et-les-pipelines-devops-ci-cd/,https://www.udemy.com/course/github-actions-pipelines-devops-ci-cd/?couponCode=GITHUB-ACTIONS-0503
35,https://freewebcart.com/category/provider/udemy-coupon/page/4/,Azure Networking services for beginners - Freewebcart,https://freewebcart.com/azure-networking-services-for-beginners/,https://www.udemy.com/course/azure-networking-services/?couponCode=AZURE-NET-0503
36,https://freewebcart.com/category/provider/udemy-coupon/page/4/,Python Complete Course: with 30+ Hands-on Tasks and Solution - Freewebcart,https://freewebcart.com/python-complete-course-with-30-hands-on-tasks-and-solution/,https://www.udemy.com/course/learning-python-for-beginners-1-data-types-input-format/?couponCode=D2F65EB909545760CE7B
37,https://freewebcart.com/category/provider/udemy-coupon/page/4/,RAG in Azure with OpenAI and ChatGPT LLM model - Freewebcart,https://freewebcart.com/rag-in-azure-with-openai-and-chatgpt-llm-model/,https://www.udemy.com/course/rag-azure/?couponCode=AZURE-RAG-0503
38,https://freewebcart.com/category/provider/udemy-coupon/page/4/,Mastering API Management for Generative AI in Azure - Freewebcart,https://freewebcart.com/mastering-api-management-for-generative-ai-in-azure/,https://www.udemy.com/course/azure-api-management-for-generative-ai/?couponCode=AZURE-APIM-0503
39,https://freewebcart.com/category/provider/udemy-coupon/page/4/,Learn Home Automation Using J.A.R.V.I.S AI With Arduino - Freewebcart,https://freewebcart.com/learn-home-automation-using-j-a-r-v-i-s-ai-with-arduino/,https://www.udemy.com/course/learn-home-automation-using-jarvis-ai-with-arduino/?couponCode=INSIDER20
40,https://freewebcart.com/category/provider/udemy-coupon/page/5/,Ultimate Home Automation Using Advance AI Assistant (JARVIS) - Freewebcart,https://freewebcart.com/ultimate-home-automation-using-advance-ai-assistant-jarvis/,https://www.udemy.com/course/ultimate-home-automation-using-advance-ai-assistant-jarvis/?couponCode=CLICKSAVE15
41,https://freewebcart.com/category/provider/udemy-coupon/page/5/,Ultimate J.A.R.V.I.S AI Mega Course Using Python Programming - Freewebcart,https://freewebcart.com/ultimate-j-a-r-v-i-s-ai-mega-course-using-python-programming/,https://www.udemy.com/course/ultimate-jarvis-ai-mega-course-using-python-programming/?couponCode=GRABDEAL30
42,https://freewebcart.com/category/provider/udemy-coupon/page/5/,Arduino UNO Based Obstacle Avoiding Robot Car & RC-Control - Freewebcart,https://freewebcart.com/arduino-uno-based-obstacle-avoiding-robot-car-rc-control/,https://www.udemy.com/course/arduino-uno-based-obstacle-avoiding-robot-car-rc-control/?couponCode=ACTFAST25
43,https://freewebcart.com/category/provider/udemy-coupon/page/5/,Arduino UNO Bootcamp For Beginners - Complete Course - Freewebcart,https://freewebcart.com/arduino-uno-bootcamp-for-beginners-complete-course/,https://www.udemy.com/course/arduino-uno-bootcamp-for-beginners-2022-complete-course/?couponCode=TRYTODAY10
44,https://freewebcart.com/category/provider/udemy-coupon/page/5/,Learn Django Web Development With 5 Real World Projects - Freewebcart,https://freewebcart.com/learn-django-web-development-with-5-real-world-projects/,https://www.udemy.com/course/learn-django-web-development-with-3-real-world-projects/?couponCode=WELCOME10
45,https://freewebcart.com/category/provider/udemy-coupon/page/5/,Complete Python Bootcamp For Everyone From Zero to Hero 2025 - Freewebcart,https://freewebcart.com/complete-python-bootcamp-for-everyone-from-zero-to-hero-2025/,https://www.udemy.com/course/python-foreveryone/?couponCode=FREECOURSE
46,https://freewebcart.com/category/provider/udemy-coupon/page/5/,Revolut API in .NET | Business API and Merchant API - Freewebcart,https://freewebcart.com/revolut-api-in-net-business-api-and-merchant-api/,https://www.udemy.com/course/revolut-api-in-net-business-api-and-merchant-api/?couponCode=C0DC60A3576BDD5C97E8
47,https://freewebcart.com/category/provider/udemy-coupon/page/5/,Modern COBOL: Professional Programmer's Fast-Track - Freewebcart,https://freewebcart.com/modern-cobol-professional-programmers-fast-track/,https://www.udemy.com/course/simply-cobol/?couponCode=DISCOUNT25
48,https://freewebcart.com/category/provider/udemy-coupon/page/5/,Flask Master Class For Beginners To Pro - Freewebcart,https://freewebcart.com/flask-master-class-for-beginners-to-pro/,https://www.udemy.com/course/flask-master-class-for-beginners-to-pro/?couponCode=FLASHSALE24
49,https://freewebcart.com/category/provider/udemy-coupon/page/5/,Learn To Create JARVIS AI [Mark-I] Android App Using JAVA - Freewebcart,https://freewebcart.com/learn-to-create-jarvis-ai-mark-i-android-app-using-java/,https://www.udemy.com/course/learn-to-create-jarvis-ai-mark-i-android-app-using-java/?couponCode=WEEKEND30
50,https://freewebcart.com/category/provider/udemy-coupon/page/6/,Learn Python from a University Professor - Freewebcart,https://freewebcart.com/learn-python-from-a-university-professor/,https://www.udemy.com/course/python-from-the-university/?couponCode=BUYMORE20
51,https://freewebcart.com/category/provider/udemy-coupon/page/6/,Learn Python Programming Masterclass: Python 3 in 2025 - Freewebcart,https://freewebcart.com/learn-python-programming-masterclass-python-3-in-2025/,https://www.udemy.com/course/learn-python-programming-quick-beginner/?couponCode=ENDSOON20
52,https://freewebcart.com/category/provider/udemy-coupon/page/6/,Programming Jump-Start - For Beginners! - Freewebcart,https://freewebcart.com/programming-jump-start-for-beginners/,https://www.udemy.com/course/python-programming-seminar/?couponCode=SUMMERFUN25
53,https://freewebcart.com/category/provider/udemy-coupon/page/6/,"Java Core Guide: Key Features, OOP, Collections & More - Freewebcart",https://freewebcart.com/java-core-guide-key-features-oop-collections-more/,https://www.udemy.com/course/java-core-guide-key-features-oop-collections-more/?couponCode=D64DBFBC52A1E64E2200
54,https://freewebcart.com/category/provider/udemy-coupon/page/6/,Forex scalping on M15. Grabber Trading + software as a gift - Freewebcart,https://freewebcart.com/forex-scalping-on-m15-grabber-trading-software-as-a-gift/,https://www.udemy.com/course/forex-scalping-on-m15-grabber-trading-software-as-a-gift/?couponCode=BDBDAFEA8BF55F4CD70D
55,https://freewebcart.com/category/provider/udemy-coupon/page/6/,Git for Beginners - Freewebcart,https://freewebcart.com/git-for-beginners/,https://www.udemy.com/course/git-for-beginners-course/?couponCode=D9F98E30B6BDB4741A19
56,https://freewebcart.com/category/provider/udemy-coupon/page/6/,Batch Script Programming Crash Course (CMD) - Freewebcart,https://freewebcart.com/batch-script-programming-crash-course-cmd/,https://www.udemy.com/course/batch-script-programming/?couponCode=0A3189C44EF6CB479B30
57,https://freewebcart.com/category/provider/udemy-coupon/page/6/,Linux Command Line: From Zero to Hero - Freewebcart,https://freewebcart.com/linux-command-line-from-zero-to-hero/,https://www.udemy.com/course/the-basics-of-linux-command-line/?couponCode=B79364B40A4011E8F30E
58,https://freewebcart.com/category/provider/udemy-coupon/page/6/,Total Rewards: Modern Compensation & Benefits by Worldatwork - Freewebcart,https://freewebcart.com/total-rewards-modern-compensation-benefits-by-worldatwork/,https://www.udemy.com/course/totalreward/?couponCode=MAY01_6353027
59,https://freewebcart.com/category/provider/udemy-coupon/page/6/,SPHRi Senior Professional Human Resources International 2025 - Freewebcart,https://freewebcart.com/sphri-senior-professional-human-resources-international-2025/,https://www.udemy.com/course/sphri-certification-exam/?couponCode=MAY01_6490725
60,https://freewebcart.com/category/provider/udemy-coupon/page/7/,"Delegation Mastery: Lead Smarter, Work Less, Achieve More - Freewebcart",https://freewebcart.com/delegation-mastery-lead-smarter-work-less-achieve-more/,https://www.udemy.com/course/effective-delegation-new/?couponCode=MAY01_6384463
61,https://freewebcart.com/category/provider/udemy-coupon/page/7/,Diretor de Recursos Humanos: Liderança e Gestão de RH [PT] - Freewebcart,https://freewebcart.com/diretor-de-recursos-humanos-lideranca-e-gestao-de-rh-pt/,https://www.udemy.com/course/diretor-de-rh/?couponCode=MAY01_6353095
62,https://freewebcart.com/category/provider/udemy-coupon/page/7/,HR Formula Processes & Tools for Success SHRM ★ HRCI ★ CIPD - Freewebcart,https://freewebcart.com/hr-formula-processes-tools-for-success-shrm-hrci-cipd/,https://www.udemy.com/course/hr-formula/?couponCode=MAY01_6403971
63,https://freewebcart.com/category/provider/udemy-coupon/page/7/,Senior IT Recruiter: Hi Tech Recruitment and Sourcing | 2025 - Freewebcart,https://freewebcart.com/senior-it-recruiter-hi-tech-recruitment-and-sourcing-2025/,https://www.udemy.com/course/senior-it-recruiter-master-advanced-it-recruitment-skills/?couponCode=MAY01_6348313
64,https://freewebcart.com/category/provider/udemy-coupon/page/7/,Global Recruitment: International Hiring and Talent Sourcing - Freewebcart,https://freewebcart.com/global-recruitment-international-hiring-and-talent-sourcing/,https://www.udemy.com/course/mastering-international-recruitment/?couponCode=MAY01_6476255
65,https://freewebcart.com/category/provider/udemy-coupon/page/7/,The Ultimate Gamma Guide: Master AI Presentation Creation - Freewebcart,https://freewebcart.com/the-ultimate-gamma-guide-master-ai-presentation-creation/,https://www.udemy.com/course/the-ultimate-gamma-guide-master-ai-presentation-creation/?couponCode=05MAY2025
66,https://freewebcart.com/category/provider/udemy-coupon/page/7/,"AI-Powered SEO Audit: Diagnose, Optimize and Rank Fast - Freewebcart",https://freewebcart.com/ai-powered-seo-audit-diagnose-optimize-and-rank-fast/,https://www.udemy.com/course/ai-powered-seo-audit/?couponCode=05MAY2025
67,https://freewebcart.com/category/provider/udemy-coupon/page/7/,"Deep Dive into OpenAI Models: Master o3, o4-mini & Beyond - Freewebcart",https://freewebcart.com/deep-dive-into-openai-models-master-o3-o4-mini-beyond/,https://www.udemy.com/course/deep-dive-into-openai-models-master-o3-o4-mini-beyond/?couponCode=05MAY2025
68,https://freewebcart.com/category/provider/udemy-coupon/page/7/,SEO Strategy 2025. SEO training to Unleash Career Potential! - Freewebcart,https://freewebcart.com/seo-strategy-2025-seo-training-to-unleash-career-potential/,https://www.udemy.com/course/seo-strategy/?couponCode=05MAY2025
69,https://freewebcart.com/category/provider/udemy-coupon/page/7/,Instagram Marketing. How to Promote Your Business! - Freewebcart,https://freewebcart.com/instagram-marketing-how-to-promote-your-business/,https://www.udemy.com/course/instagram-marketing-practical-course/?couponCode=05MAY2025
70,https://freewebcart.com/category/provider/udemy-coupon/page/8/,Facebook Marketing 2025. Promote Your Business on Facebook! - Freewebcart,https://freewebcart.com/facebook-marketing-2025-promote-your-business-on-facebook/,https://www.udemy.com/course/facebook-marketing-course-for-beginners/?couponCode=05MAY2025
71,https://freewebcart.com/category/provider/udemy-coupon/page/8/,Project Management Fundamentals: A Beginner's Guide - Freewebcart,https://freewebcart.com/project-management-fundamentals-a-beginners-guide/,https://www.udemy.com/course/project-management-fundamentals-guide/?couponCode=05MAY2025
72,https://freewebcart.com/category/provider/udemy-coupon/page/8/,B2B Outbound Lead Generation Mastery - Freewebcart,https://freewebcart.com/b2b-outbound-lead-generation-mastery/,https://www.udemy.com/course/b2b-outbound-lead-generation-mastery/?couponCode=05MAY2025
73,https://freewebcart.com/category/provider/udemy-coupon/page/8/,Organizational Design: Build Agile & Scalable Structures - Freewebcart,https://freewebcart.com/organizational-design-build-agile-scalable-structures/,https://www.udemy.com/course/organizational-design-structure-matrix-functional-model/?couponCode=MAY01_6531361
74,https://freewebcart.com/category/provider/udemy-coupon/page/8/,Becoming Human Resources for Non HR Managers - Freewebcart,https://freewebcart.com/becoming-human-resources-for-non-hr-managers/,https://www.udemy.com/course/becoming-human-resources-for-non-hr-managers/?couponCode=27932CCE9C02D38BFCAB
75,https://freewebcart.com/category/provider/udemy-coupon/page/8/,50Days of DSA JavaScript Data Structures Algorithms LEETCODE - Freewebcart,https://freewebcart.com/50days-of-dsa-javascript-data-structures-algorithms-leetcode/,https://www.udemy.com/course/javascript-data-structures-algorithms/?couponCode=3B40CCDE02244656207D
76,https://freewebcart.com/category/provider/udemy-coupon/page/8/,Professional Diploma in Digital Business Development - Freewebcart,https://freewebcart.com/professional-diploma-in-digital-business-development/,https://www.udemy.com/course/professional-diploma-in-digital-business-development/?couponCode=5A35D281C3E128874F41
77,https://freewebcart.com/category/provider/udemy-coupon/page/8/,"Data Governance in 2025: Frameworks, Compliance & Quality - Freewebcart",https://freewebcart.com/data-governance-in-2025-frameworks-compliance-quality/,https://www.udemy.com/course/data-governance-in-2025-frameworks-compliance-quality/?couponCode=20C5203D95A8E7F31139
78,https://freewebcart.com/category/provider/udemy-coupon/page/8/,"Java from Zero to First Job, Practical Guide, 2000+ examples - Freewebcart",https://freewebcart.com/java-from-zero-to-first-job-practical-guide-2000-examples/,https://www.udemy.com/course/java-development-for-beginners-learnit/?couponCode=MAY_FREE_2025
79,https://freewebcart.com/category/provider/udemy-coupon/page/8/,Science of Positive Mind - Positive Psychology - Freewebcart,https://freewebcart.com/science-of-positive-mind-positive-psychology/,https://www.udemy.com/course/mental-health-with-positive-psychology-aman-varma-online-course/?couponCode=B9922617BF940362E8B4
80,https://freewebcart.com/category/provider/udemy-coupon/page/9/,How to Earn from Photography: Absolute Beginners Guide - Freewebcart,https://freewebcart.com/how-to-earn-from-photography-absolute-beginners-guide/,https://www.udemy.com/course/earn-from-photography-complete-guideline/?couponCode=EPMAY2025
81,https://freewebcart.com/category/provider/udemy-coupon/page/9/,AP Calculus AB: The 18-Hour Fast Track to a Perfect Score - Freewebcart,https://freewebcart.com/ap-calculus-ab-the-18-hour-fast-track-to-a-perfect-score/,https://www.udemy.com/course/ap-calculus-ab-the-18-hour-fast-track-to-a-perfect-score/?couponCode=AP2025
82,https://freewebcart.com/category/provider/udemy-coupon/page/9/,Fire Up Creativity in Your Child - Freewebcart,https://freewebcart.com/fire-up-creativity-in-your-child/,https://www.udemy.com/course/fostering-creativity-in-children/?couponCode=MAY2025FREE1
83,https://freewebcart.com/category/provider/udemy-coupon/page/9/,"CSS, JavaScript,PHP And Python Programming All in One Course - Freewebcart",https://freewebcart.com/css-javascriptphp-and-python-programming-all-in-one-course/,https://www.udemy.com/course/css-javascriptphp-and-python-programming-all-in-one-course/?couponCode=6695F2455C9808A6BB84
84,https://freewebcart.com/category/provider/udemy-coupon/page/9/,Python Programming: Build a Strong Foundation in Coding - Freewebcart,https://freewebcart.com/python-programming-build-a-strong-foundation-in-coding/,https://www.udemy.com/course/python-programming-build-a-strong-foundation-in-coding/?couponCode=93F59C9B9250C45FB925
85,https://freewebcart.com/category/provider/udemy-coupon/page/9/,"Mastering MYSQL: Database Creation, Management & SQL Queries - Freewebcart",https://freewebcart.com/mastering-mysql-database-creation-management-sql-queries/,https://www.udemy.com/course/mastering-mysql-database-creation-management-sql-queries/?couponCode=82053DEED1FC5C3FB188
86,https://freewebcart.com/category/provider/udemy-coupon/page/9/,Java & Python Programming Mastery: Learn to Code Like a Pro - Freewebcart,https://freewebcart.com/java-python-programming-mastery-learn-to-code-like-a-pro/,https://www.udemy.com/course/java-python-programming-mastery-learn-to-code-like-a-pro/?couponCode=6D3428EA2B95CC68EFD0
87,https://freewebcart.com/category/provider/udemy-coupon/page/9/,Complete jQuery Course: Learn From Beginner To Advanced - Freewebcart,https://freewebcart.com/complete-jquery-course-learn-from-beginner-to-advanced/,https://www.udemy.com/course/complete-jquery-course-learn-from-beginner-to-advanced/?couponCode=0F8CCD297FB410364A1E
88,https://freewebcart.com/category/provider/udemy-coupon/page/9/,The Complete C++ Programming Course from Basic to Expert - Freewebcart,https://freewebcart.com/the-complete-c-programming-course-from-basic-to-expert/,https://www.udemy.com/course/complete-c-plus-programming-course-from-basic-to-expert/?couponCode=BCE5B16D443900BC73B5
89,https://freewebcart.com/category/provider/udemy-coupon/page/9/,The Complete C Programming Course for Basic to Expert - Freewebcart,https://freewebcart.com/the-complete-c-programming-course-for-basic-to-expert/,https://www.udemy.com/course/the-complete-c-programming-course-for-basic-to-expert/?couponCode=83C23316C27E3CEA774A
90,https://freewebcart.com/category/provider/udemy-coupon/page/10/,ChatGPT For Video Creation And Editing Complete Guide - Freewebcart,https://freewebcart.com/chatgpt-for-video-creation-and-editing-complete-guide/,https://www.udemy.com/course/chatgpt-for-video-creation-and-editing-complete-guide/?couponCode=89E068FEF41FB31F35E3
91,https://freewebcart.com/category/provider/udemy-coupon/page/10/,Chatbot for Beginner: Create an AI Chatbot without Coding - Freewebcart,https://freewebcart.com/chatbot-for-beginner-create-an-ai-chatbot-without-coding/,https://www.udemy.com/course/chatbot-for-begineer-create-an-ai-chatbot-without-coding/?couponCode=C6B22A143FB95324C426
92,https://freewebcart.com/category/provider/udemy-coupon/page/10/,Microsoft Excel - Excel Course For Beginners - Freewebcart,https://freewebcart.com/microsoft-excel-excel-course-for-beginners/,https://www.udemy.com/course/microsoft-excel-excel-only-for-beginners/?couponCode=ALHAMDULILLAH_050125
93,https://freewebcart.com/category/provider/udemy-coupon/page/10/,Mastering Flutter Admob: Monetize Your Apps Like a Pro[2025] - Freewebcart,https://freewebcart.com/mastering-flutter-admob-monetize-your-apps-like-a-pro2025/,https://www.udemy.com/course/mastering-flutter-admob-monetize-your-apps-like-a-pro-2025/?couponCode=ADMOB5D1000
94,https://freewebcart.com/category/provider/udemy-coupon/page/10/,"Notion Basics to Advanced 2025: Databases, AI + 31 Templates - Freewebcart",https://freewebcart.com/notion-basics-to-advanced-2025-databases-ai-31-templates/,https://www.udemy.com/course/wordpress-website-for-dentists-doctors-medical-clinics/?couponCode=D04915CC71964D337071
95,https://freewebcart.com/category/provider/udemy-coupon/page/10/,Arduino Multicolor RGB LED Lamp Controlled Using Bluetooth - Freewebcart,https://freewebcart.com/arduino-multicolor-rgb-led-lamp-controlled-using-bluetooth/,https://www.udemy.com/course/arduino-multicolor-rgb-led-lamp-controlled-using-mobile/?couponCode=RGBLED4FREE
96,https://freewebcart.com/category/provider/udemy-coupon/page/10/,Project Management with ChatGPT: Complete Guide - Freewebcart,https://freewebcart.com/project-management-with-chatgpt-complete-guide/,https://www.udemy.com/course/project-management-with-chatgpt-learnit/?couponCode=MAY_FREE_2025
97,https://freewebcart.com/category/provider/udemy-coupon/page/10/,Spring Framework for Java Developers: Practical Guide - Freewebcart,https://freewebcart.com/spring-framework-for-java-developers-practical-guide/,https://www.udemy.com/course/spring-learnit/?couponCode=MAY_FREE_2025
98,https://freewebcart.com/category/provider/udemy-coupon/page/10/,Relational Databases & SQL: Complete Guide for Developers - Freewebcart,https://freewebcart.com/relational-databases-sql-complete-guide-for-developers/,https://www.udemy.com/course/databases-learnit/?couponCode=MAY_FREE_2025
99,https://freewebcart.com/category/provider/udemy-coupon/page/10/,Object Oriented Programming - Basics to Advance (Java OOP) - Freewebcart,https://freewebcart.com/object-oriented-programming-basics-to-advance-java-oop/,https://www.udemy.com/course/oop-learnit/?couponCode=MAY_FREE_2025
