,fwc_link,course_titles,coupon_links,coupon_url,timestamps
0,https://freewebcart.com/category/provider/udemy-coupon/,"Canva Masterclass: Social Media, T-Shirt, Video Edit, Motion - Freewebcart",https://freewebcart.com/canva-masterclass-social-media-t-shirt-video-edit-motion/,https://www.udemy.com/course/canva-masterclass-social-media-t-shirt-video-edit-motion/?couponCode=D359E0C92A0F9AD9323C,2025-05-09 23:51:47.963638
1,https://freewebcart.com/category/provider/udemy-coupon/,Python Programming Mastery: From Beginner to Pro - Freewebcart,https://freewebcart.com/python-programming-mastery-from-beginner-to-pro/,https://www.udemy.com/course/python-programming-mastery-from-beginner-to-pro/?couponCode=B8FAA477DC4B0DCC7673,2025-05-09 23:51:49.276933
2,https://freewebcart.com/category/provider/udemy-coupon/,Complete jQuery Masterclass: From Beginner to Expert - Freewebcart,https://freewebcart.com/complete-jquery-masterclass-from-beginner-to-expert/,https://www.udemy.com/course/complete-jquery-masterclass-from-beginner-to-expert/?couponCode=E43FC53FF0A274CC2B01,2025-05-09 23:51:50.588850
3,https://freewebcart.com/category/provider/udemy-coupon/,Laravel 10 Essentials: User Roles & Permissions with Spatie - Freewebcart,https://freewebcart.com/laravel-10-essentials-user-roles-permissions-with-spatie/,https://www.udemy.com/course/laravel-10-essentials-user-roles-permissions-with-spatie/?couponCode=F002E97589A2C0CCC8DA,2025-05-09 23:51:52.119137
4,https://freewebcart.com/category/provider/udemy-coupon/,Mastering HTML5: From Beginner to Advanced 2025 - Freewebcart,https://freewebcart.com/mastering-html5-from-beginner-to-advanced-2025/,https://www.udemy.com/course/mastering-html5-from-beginner-to-advanced/?couponCode=4E8C4C762BCDCD78A331,2025-05-09 23:51:53.506347
5,https://freewebcart.com/category/provider/udemy-coupon/,Dart Mastery - Become a Dart Master From Zero to Hero - Freewebcart,https://freewebcart.com/dart-mastery-become-a-dart-master-from-zero-to-hero/,https://www.udemy.com/course/dart-mastery-become-a-dart-master-from-hero-to-zero-dart/?couponCode=B39B027AEB3B852A9BBD,2025-05-09 23:51:54.830722
6,https://freewebcart.com/category/provider/udemy-coupon/,Instagram Marketing Bootcamp: From Zero to Hero - Freewebcart,https://freewebcart.com/instagram-marketing-bootcamp-from-zero-to-hero/,https://www.udemy.com/course/instagram-marketing-bootcamp-from-zero-to-hero/?couponCode=88B94CE0D9B7B80903ED,2025-05-09 23:51:56.198744
7,https://freewebcart.com/category/provider/udemy-coupon/,Advanced Capcut: From Beginner to Motion Graphics Master - Freewebcart,https://freewebcart.com/advanced-capcut-from-beginner-to-motion-graphics-master/,https://www.udemy.com/course/advanced-capcut-from-beginner-to-motion-graphics-master/?couponCode=DBFCC46D6762918B643C,2025-05-09 23:51:57.605802
8,https://freewebcart.com/category/provider/udemy-coupon/,The Complete Social Media Video Editing Masterclass - Freewebcart,https://freewebcart.com/the-complete-social-media-video-editing-masterclass/,https://www.udemy.com/course/the-complete-social-media-video-editing-masterclass/?couponCode=2A36A5A621B0C1C52147,2025-05-09 23:51:58.970926
9,https://freewebcart.com/category/provider/udemy-coupon/,Build Complete CMS Blog in PHP MySQL Bootstrap & PDO - Freewebcart,https://freewebcart.com/build-complete-cms-blog-in-php-mysql-bootstrap-pdo/,https://www.udemy.com/course/build-complete-2022-cms-blog-in-php-mysql-bootstrap-pdo/?couponCode=PHPBLOG68,2025-05-09 23:52:00.289720
10,https://freewebcart.com/category/provider/udemy-coupon/page/2/,Essential Adobe Lightroom Course for Photo Editing - Freewebcart,https://freewebcart.com/essential-adobe-lightroom-course-for-photo-editing/,https://www.udemy.com/course/essential-adobe-lightroom-course-for-photo-editing/?couponCode=4BB0D74AE83FD4E6A049,2025-05-09 23:52:03.054223
11,https://freewebcart.com/category/provider/udemy-coupon/page/2/,Adobe Illustrator Course for Graphics Design - Freewebcart,https://freewebcart.com/adobe-illustrator-course-for-graphics-design/,https://www.udemy.com/course/adobe-illustrator-course-for-graphics-design/?couponCode=6DA46E7F11DBEAF4F763,2025-05-09 23:52:04.328825
12,https://freewebcart.com/category/provider/udemy-coupon/page/2/,"Learn Portrait, Beauty, and Outdoor Retouching Techniques - Freewebcart",https://freewebcart.com/learn-portrait-beauty-and-outdoor-retouching-techniques/,https://www.udemy.com/course/learn-portrait-beauty-and-outdoor-retouching-techniques/?couponCode=09MAY2025,2025-05-09 23:52:05.807610
13,https://freewebcart.com/category/provider/udemy-coupon/page/2/,Craft Marketing Strategy in 5 Steps With Your AI-Copilot - Freewebcart,https://freewebcart.com/craft-marketing-strategy-in-5-steps-with-your-ai-copilot/,https://www.udemy.com/course/craft-marketing-strategy-with-your-ai-copilot/?couponCode=09MAY2025,2025-05-09 23:52:07.466658
14,https://freewebcart.com/category/provider/udemy-coupon/page/2/,Unlocking Grok: AI for Business and Marketing - Freewebcart,https://freewebcart.com/unlocking-grok-ai-for-business-and-marketing/,https://www.udemy.com/course/unlocking-grok-ai-for-business-and-marketing/?couponCode=09MAY2025,2025-05-09 23:52:08.873187
15,https://freewebcart.com/category/provider/udemy-coupon/page/2/,DALL-E 101: A Comprehensive Guide to Creating Art with AI - Freewebcart,https://freewebcart.com/dall-e-101-a-comprehensive-guide-to-creating-art-with-ai/,https://www.udemy.com/course/dall-e-101-a-comprehensive-guide-to-creating-art-with-ai/?couponCode=09MAY2025,2025-05-09 23:52:10.408528
16,https://freewebcart.com/category/provider/udemy-coupon/page/2/,Mastering LinkedIn Lead Generation & Social Selling - Freewebcart,https://freewebcart.com/mastering-linkedin-lead-generation-social-selling/,https://www.udemy.com/course/mastering-linkedin-lead-generation-social-selling/?couponCode=09MAY2025,2025-05-09 23:52:11.896620
17,https://freewebcart.com/category/provider/udemy-coupon/page/2/,Learn Filmora Video Editing Masterclass From Beginner to Pro - Freewebcart,https://freewebcart.com/learn-filmora-video-editing-masterclass-from-beginner-to-pro/,https://www.udemy.com/course/learn-filmora-video-editing-masterclass-from-beginner-to-pro/?couponCode=38A36FD07E78F38D62C3,2025-05-09 23:52:13.279683
18,https://freewebcart.com/category/provider/udemy-coupon/page/2/,Canva Mastery: Design Like a Pro in Just Days - Freewebcart,https://freewebcart.com/canva-mastery-design-like-a-pro-in-just-days/,https://www.udemy.com/course/canva-mastery-design-like-a-pro-in-just-days/?couponCode=C8807A28EB8107B3DADA,2025-05-09 23:52:14.650777
19,https://freewebcart.com/category/provider/udemy-coupon/page/2/,From Zero to AI: How to Master DeepSeek AI as a Beginner - Freewebcart,https://freewebcart.com/from-zero-to-ai-how-to-master-deepseek-ai-as-a-beginner/,https://www.udemy.com/course/from-zero-to-ai-how-to-master-deepseek-ai-as-a-beginner/?couponCode=F205A64FC9BAF97968C4,2025-05-09 23:52:15.996329
20,https://freewebcart.com/category/provider/udemy-coupon/page/3/,Master Flutter and Dart: Build iOS & Android Apps (2025) - Freewebcart,https://freewebcart.com/master-flutter-and-dart-build-ios-android-apps-2025/,https://www.udemy.com/course/beginner-to-advanced-mobile-app-development-flutter-2024/?couponCode=C33C9FA66EE7172E5DC2,2025-05-09 23:52:18.658202
21,https://freewebcart.com/category/provider/udemy-coupon/page/3/,Python Complete Course: with 30+ Hands-on Tasks and Solution - Freewebcart,https://freewebcart.com/python-complete-course-with-30-hands-on-tasks-and-solution/,https://www.udemy.com/course/learning-python-for-beginners-1-data-types-input-format/?couponCode=B2A19417DAB8368E627D,2025-05-09 23:52:20.004247
22,https://freewebcart.com/category/provider/udemy-coupon/page/3/,Create Viral AI Video Using ChatGPT For Affiliate Marketing - Freewebcart,https://freewebcart.com/create-viral-ai-video-using-chatgpt-for-affiliate-marketing/,https://www.udemy.com/course/create-viral-ai-video-using-chatgpt-for-affiliate-marketing/?couponCode=25C876A05E506190CEAD,2025-05-09 23:52:21.337530
23,https://freewebcart.com/category/provider/udemy-coupon/page/3/,Selenium Webdriver with Java & TestNG Testing Framework - Freewebcart,https://freewebcart.com/selenium-webdriver-with-java-testng-testing-framework/,https://www.udemy.com/course/selenium-webdriver-with-java-testng-testing-framework/?couponCode=6038588EE0B9E34B2FD6,2025-05-09 23:52:22.710798
24,https://freewebcart.com/category/provider/udemy-coupon/page/3/,Mastering JavaScript and jQuery Course Beginners to Advanced - Freewebcart,https://freewebcart.com/mastering-javascript-and-jquery-course-beginners-to-advanced/,https://www.udemy.com/course/mastering-javascript-and-jquery-course-beginners-to-advanced/?couponCode=913A607036486D2AA9B9,2025-05-09 23:52:24.108451
25,https://freewebcart.com/category/provider/udemy-coupon/page/3/,Python for Data Science Pro: The Complete Mastery Course - Freewebcart,https://freewebcart.com/python-for-data-science-pro-the-complete-mastery-course/,https://www.udemy.com/course/python-for-data-science-pro-the-complete-mastery-course/?couponCode=762776CC192CB7CA5DA5,2025-05-09 23:52:25.468122
26,https://freewebcart.com/category/provider/udemy-coupon/page/3/,"C, C++ and PHP: Comprehensive Programming Bootcamp - Freewebcart",https://freewebcart.com/c-c-and-php-comprehensive-programming-bootcamp/,https://www.udemy.com/course/c-c-and-php-comprehensive-programming-bootcamp/?couponCode=ED124F56B70066FC43C8,2025-05-09 23:52:26.740032
27,https://freewebcart.com/category/provider/udemy-coupon/page/3/,Practical Malware Analysis for Beginners - Freewebcart,https://freewebcart.com/practical-malware-analysis-for-beginners/,https://www.udemy.com/course/practical-malware-analysis-for-beginners/?couponCode=9E92A1590A5EF101BF6D,2025-05-09 23:52:28.038684
28,https://freewebcart.com/category/provider/udemy-coupon/page/3/,Learn Microsoft Excel : From Zero to Hero - Freewebcart,https://freewebcart.com/learn-microsoft-excel-from-zero-to-hero/,https://www.udemy.com/course/learn-microsoft-excel-from-zero-to-hero/?couponCode=FREECOUPONFORMAY,2025-05-09 23:52:29.372931
29,https://freewebcart.com/category/provider/udemy-coupon/page/3/,Learn AutoCAD 2D & 3D : From Zero to Hero - Freewebcart,https://freewebcart.com/learn-autocad-2d-3d-from-zero-to-hero/,https://www.udemy.com/course/learn-autocad-2d/?couponCode=FREECOUPONFORMAY,2025-05-09 23:52:30.710667
30,https://freewebcart.com/category/provider/udemy-coupon/page/4/,Object Oriented Programming in C++ & Interview Preparation - Freewebcart,https://freewebcart.com/object-oriented-programming-in-c-interview-preparation/,https://www.udemy.com/course/cracking-cpp-interview/?couponCode=C532B35E107744BA1804,2025-05-09 23:52:33.331444
31,https://freewebcart.com/category/provider/udemy-coupon/page/4/,Premiere Pro Essentials - Freewebcart,https://freewebcart.com/premiere-pro-essentials/,https://www.udemy.com/course/premiere-pro-essentials/?couponCode=6BBCEE15D8CE1716967D,2025-05-09 23:52:34.713808
32,https://freewebcart.com/category/provider/udemy-coupon/page/4/,"Full-Stack AI met Ollama: Llama, Deepseek, Mistral, QwQ - Freewebcart",https://freewebcart.com/full-stack-ai-met-ollama-llama-deepseek-mistral-qwq/,https://www.udemy.com/course/full-stack-ai-met-ollama-llama-deepseek-mistral-qwq/?couponCode=MAY2025AA,2025-05-09 23:52:36.000019
33,https://freewebcart.com/category/provider/udemy-coupon/page/4/,"GIT, GitLab, GitHub Fundamentals for Software Developers - Freewebcart",https://freewebcart.com/git-gitlab-github-fundamentals-for-software-developers/,https://www.udemy.com/course/git-gitlab-github-fundamentals-for-software-developers/?couponCode=17C9A1576DFF77266324,2025-05-09 23:52:37.309856
34,https://freewebcart.com/category/provider/udemy-coupon/page/4/,AI Driven Market Analysis & Prediction - Freewebcart,https://freewebcart.com/ai-driven-market-analysis-prediction/,https://www.udemy.com/course/ai-driven-market-analysis-prediction-w/?couponCode=91D46614B51E78CFD2B0,2025-05-09 23:52:38.612556
35,https://freewebcart.com/category/provider/udemy-coupon/page/4/,MERN Stack: All You Need to Know with Practical Project - Freewebcart,https://freewebcart.com/mern-stack-all-you-need-to-know-with-practical-project/,https://www.udemy.com/course/all-you-need-to-know-mern-stack-with-practical-project/?couponCode=2167FF4C84DF7A0F91AE,2025-05-09 23:52:39.970285
36,https://freewebcart.com/category/provider/udemy-coupon/page/4/,Master Android by Building 3 Applications in Kotlin Language - Freewebcart,https://freewebcart.com/master-android-by-building-3-applications-in-kotlin-language/,https://www.udemy.com/course/master-android-by-building-3-applications-in-kotlin-language/?couponCode=7C5725195285DDA5BA6E,2025-05-09 23:52:41.300594
37,https://freewebcart.com/category/provider/udemy-coupon/page/4/,Android Course Build 3 Applications from Scratch with Java - Freewebcart,https://freewebcart.com/android-course-build-3-applications-from-scratch-with-java/,https://www.udemy.com/course/android-course-build-3-applications-from-scratch-with-java/?couponCode=FA1968D9B7E7B62C27E7,2025-05-09 23:52:42.591963
38,https://freewebcart.com/category/provider/udemy-coupon/page/4/,Master Android Application Build 3 Applications from Scratch - Freewebcart,https://freewebcart.com/master-android-application-build-3-applications-from-scratch/,https://www.udemy.com/course/master-android-application-build-3-applications-from-scratch/?couponCode=D1C89D42331716C4C3A2,2025-05-09 23:52:43.931828
39,https://freewebcart.com/category/provider/udemy-coupon/page/4/,Android App's Development Masterclass - Build 2 Apps - Java - Freewebcart,https://freewebcart.com/android-apps-development-masterclass-build-2-apps-java/,https://www.udemy.com/course/android-apps-development-masterclass-build-2-apps-java/?couponCode=646C83605EDA46236C5D,2025-05-09 23:52:45.290895
40,https://freewebcart.com/category/provider/udemy-coupon/page/5/,Unity Game Development: 2D & 3D Essentials for Beginners - Freewebcart,https://freewebcart.com/unity-game-development-2d-3d-essentials-for-beginners/,https://www.udemy.com/course/game-development-bootcamp-3d-games-with-unity/?couponCode=8180AC138198F48811EF,2025-05-09 23:52:47.873416
41,https://freewebcart.com/category/provider/udemy-coupon/page/5/,Financial Modeling on Excel Complete finance course on Excel - Freewebcart,https://freewebcart.com/financial-modeling-on-excel-complete-finance-course-on-excel/,https://www.udemy.com/course/financial-modeling-complete-finance-course-on-excel/?couponCode=0622DFE6210C7B544174,2025-05-09 23:52:49.178340
42,https://freewebcart.com/category/provider/udemy-coupon/page/5/,"Java Core Guide: Key Features, OOP, Collections & More - Freewebcart",https://freewebcart.com/java-core-guide-key-features-oop-collections-more/,https://www.udemy.com/course/java-core-guide-key-features-oop-collections-more/?couponCode=00964C190878DF886DF6,2025-05-09 23:52:50.649923
43,https://freewebcart.com/category/provider/udemy-coupon/page/5/,Capcut Ninja: Mastering Video Editing Basics to Advanced - Freewebcart,https://freewebcart.com/capcut-ninja-mastering-video-editing-basics-to-advanced/,https://www.udemy.com/course/capcut-ninja-mastering-video-editing-basics-to-advanced/?couponCode=786EEBA9B85EFECF565F,2025-05-09 23:52:52.061752
44,https://freewebcart.com/category/provider/udemy-coupon/page/5/,Excel for Everyone: Essential Skills for Work and Life - Freewebcart,https://freewebcart.com/excel-for-everyone-essential-skills-for-work-and-life/,https://www.udemy.com/course/excel-for-everyone-essential-skills-for-work-and-life/?couponCode=AF17978D646FFE1094E3,2025-05-09 23:52:53.439098
45,https://freewebcart.com/category/provider/udemy-coupon/page/5/,"React.js AI Chatbot built with ChatGPT, Gemini and DeepSeek - Freewebcart",https://freewebcart.com/react-js-ai-chatbot-built-with-chatgpt-gemini-and-deepseek/,https://www.udemy.com/course/reactjs-ai-chatbot-built-with-chatgpt-and-gemini-ai/?couponCode=08MAY2025,2025-05-09 23:52:54.756793
46,https://freewebcart.com/category/provider/udemy-coupon/page/5/,Logo Design Essentials: Photoshop & Illustrator - Freewebcart,https://freewebcart.com/logo-design-essentials-photoshop-illustrator/,https://www.udemy.com/course/logo-design-essentials-photoshop-illustrator/?couponCode=6850BBC6C4003041ABA0,2025-05-09 23:52:56.101632
47,https://freewebcart.com/category/provider/udemy-coupon/page/5/,80 Days of GenAI Mastery: Elevate Your Work & Life with AI - Freewebcart,https://freewebcart.com/80-days-of-genai-mastery-elevate-your-work-life-with-ai/,https://www.udemy.com/course/30-days-of-genai-mastery-elevate-your-work-life-with-ai/?couponCode=08MAY2025,2025-05-09 23:52:57.411909
48,https://freewebcart.com/category/provider/udemy-coupon/page/5/,DeepSeek R1 & ChatGPT: How to Supercharge AI with 20+ Tools - Freewebcart,https://freewebcart.com/deepseek-r1-chatgpt-how-to-supercharge-ai-with-20-tools/,https://www.udemy.com/course/mastering-deepseek-r1-the-ultimate-guide-for-beginners/?couponCode=623643AEFA417AADC67E,2025-05-09 23:52:58.687664
49,https://freewebcart.com/category/provider/udemy-coupon/page/5/,PHP with MySQL: Build 5 PHP and MySQL Projects - Freewebcart,https://freewebcart.com/php-with-mysql-build-5-php-and-mysql-projects/,https://www.udemy.com/course/php-with-mysql-2022-build-5-php-and-mysql-projects/?couponCode=PHPWITHMYSQL65,2025-05-09 23:53:00.037966
50,https://freewebcart.com/category/provider/udemy-coupon/page/6/,JavaScript Fundamentals to Advanced: Full Stack Development - Freewebcart,https://freewebcart.com/javascript-fundamentals-to-advanced-full-stack-development/,https://www.udemy.com/course/javascript-fundamentals-to-advanced-full-stack-development/?couponCode=0123C6DF207962C93FE3,2025-05-09 23:53:02.681695
51,https://freewebcart.com/category/provider/udemy-coupon/page/6/,MS Excel Masterclass for Job Seekers Accounting Success - Freewebcart,https://freewebcart.com/ms-excel-masterclass-for-job-seekers-accounting-success/,https://www.udemy.com/course/ms-excel-masterclass-for-job-seekers-accounting-success/?couponCode=C43463FD6D2A4F4E4CBA,2025-05-09 23:53:03.995979
52,https://freewebcart.com/category/provider/udemy-coupon/page/6/,Master of Essential C++ Programming Beginner to Advanced - Freewebcart,https://freewebcart.com/master-of-essential-c-programming-beginner-to-advanced/,https://www.udemy.com/course/master-of-essential-c-programming-beginner-to-advanced/?couponCode=82354E3AF88CE69BDFAA,2025-05-09 23:53:05.302013
53,https://freewebcart.com/category/provider/udemy-coupon/page/6/,Hands On React JS From Beginner to Expert - Freewebcart,https://freewebcart.com/hands-on-react-js-from-beginner-to-expert/,https://www.udemy.com/course/hands-on-react-js-from-beginner-to-expert/?couponCode=DF6558D14C28A2AA39D0,2025-05-09 23:53:06.637704
54,https://freewebcart.com/category/provider/udemy-coupon/page/6/,Python App Development Masterclass App Development Bootcamp - Freewebcart,https://freewebcart.com/python-app-development-masterclass-app-development-bootcamp/,https://www.udemy.com/course/python-app-development-masterclass-app-development-bootcamp/?couponCode=361E761E269FE530817A,2025-05-09 23:53:07.938968
55,https://freewebcart.com/category/provider/udemy-coupon/page/6/,Canva AI: Master Canva AI Tools & Canva AI Design (A to Z) - Freewebcart,https://freewebcart.com/canva-ai-master-canva-ai-tools-canva-ai-design-a-to-z/,https://www.udemy.com/course/canva-ai-master-canva-ai-tools-canva-ai-design-a-to-z/?couponCode=B0D20CA8BDD552373F6D,2025-05-09 23:53:09.265991
56,https://freewebcart.com/category/provider/udemy-coupon/page/6/,Learn PHP and MySQL for Web Application and Web Development - Freewebcart,https://freewebcart.com/learn-php-and-mysql-for-web-application-and-web-development/,https://www.udemy.com/course/learn-php-and-mysql-for-web-application-and-web-development/?couponCode=5D58CA4FF9E6E1A1B3D6,2025-05-09 23:53:10.736782
57,https://freewebcart.com/category/provider/udemy-coupon/page/6/,TikTok Domination: Unlock the Secrets to Viral Growth - Freewebcart,https://freewebcart.com/tiktok-domination-unlock-the-secrets-to-viral-growth/,https://www.udemy.com/course/tiktok-marketing-mastery-learn-to-grow-go-viral/?couponCode=56F2EF36ECB3AD2999DF,2025-05-09 23:53:12.194736
58,https://freewebcart.com/category/provider/udemy-coupon/page/6/,"20 Web Projects build 20 HTML, CSS and JavaScript projects - Freewebcart",https://freewebcart.com/20-web-projects-build-20-html-css-and-javascript-projects/,https://www.udemy.com/course/boost-your-portfolio-with-20-html-css-javascript-projects/?couponCode=12955CA6AFDA37FBE59F,2025-05-09 23:53:13.622086
59,https://freewebcart.com/category/provider/udemy-coupon/page/6/,"Build 20 JavaScript Projects in 20 Day with HTML, CSS & JS - Freewebcart",https://freewebcart.com/build-20-javascript-projects-in-20-day-with-html-css-js/,https://www.udemy.com/course/20-web-projects-with-html-css-and-javascript-master-js/?couponCode=58F1FB844797DBF0B38A,2025-05-09 23:53:14.910469
60,https://freewebcart.com/category/provider/udemy-coupon/page/7/,JavaScript Projects Course Build 20 Projects in 20 Days - Freewebcart,https://freewebcart.com/javascript-projects-course-build-20-projects-in-20-days/,https://www.udemy.com/course/javascript-projects-course-build-20-projects-in-20-days/?couponCode=245CC7A8182CF3901370,2025-05-09 23:53:17.503828
61,https://freewebcart.com/category/provider/udemy-coupon/page/7/,JavaScript 10 Projects in 10 Days Course for Beginners - Freewebcart,https://freewebcart.com/javascript-10-projects-in-10-days-course-for-beginners/,https://www.udemy.com/course/javascript-10-projects-in-10-days-course-for-beginners/?couponCode=7D6B07C664151DB2F66A,2025-05-09 23:53:18.822065
62,https://freewebcart.com/category/provider/udemy-coupon/page/7/,The Complete C Programming Course for Basic to Expert - Freewebcart,https://freewebcart.com/the-complete-c-programming-course-for-basic-to-expert/,https://www.udemy.com/course/the-complete-c-programming-course-for-basic-to-expert/?couponCode=798E255A2A478CE60392,2025-05-09 23:53:20.268573
63,https://freewebcart.com/category/provider/udemy-coupon/page/7/,Learn Machine Learning Course with Python A to Z - Freewebcart,https://freewebcart.com/learn-machine-learning-course-with-python-a-to-z/,https://www.udemy.com/course/learn-machine-learning-course-with-python-ml/?couponCode=3A0239F1DA03418B2859,2025-05-09 23:53:21.656103
64,https://freewebcart.com/category/provider/udemy-coupon/page/7/,Python And Django Framework And HTML 5 Stack Complete Course - Freewebcart,https://freewebcart.com/python-and-django-framework-and-html-5-stack-complete-course/,https://www.udemy.com/course/python-and-django-framework-and-html-5-complete-course-2022/?couponCode=6363D01C4A62D0BBF954,2025-05-09 23:53:22.977999
65,https://freewebcart.com/category/provider/udemy-coupon/page/7/,ChatGPT in Marketing: Introduction to ChatGPT & AI Marketing - Freewebcart,https://freewebcart.com/chatgpt-in-marketing-introduction-to-chatgpt-ai-marketing/,https://www.udemy.com/course/chatgpt-in-marketing-introduction-to-chatgpt-ai-marketing/?couponCode=E917998287B9B6280361,2025-05-09 23:53:24.357073
66,https://freewebcart.com/category/provider/udemy-coupon/page/7/,ChatGPT for SEO: A Complete Guide to Boost Your Rankings - Freewebcart,https://freewebcart.com/chatgpt-for-seo-a-complete-guide-to-boost-your-rankings/,https://www.udemy.com/course/chatgpt-for-seo-a-complete-guide-to-boost-your-rankings/?couponCode=E067FA11BBE2D7F79EBC,2025-05-09 23:53:25.690089
67,https://freewebcart.com/category/provider/udemy-coupon/page/7/,AI Mastery Bootcamp: Complete Guide to AI with 1000 Projects - Freewebcart,https://freewebcart.com/ai-mastery-bootcamp-complete-guide-to-ai-with-1000-projects/,https://www.udemy.com/course/ai-engineering-complete-bootcamp-masterclass/?couponCode=MAY2025BB,2025-05-09 23:53:26.990493
68,https://freewebcart.com/category/provider/udemy-coupon/page/7/,Microsoft MD-102: Explore Endpoint Management Practice Test - Freewebcart,https://freewebcart.com/microsoft-md-102-explore-endpoint-management-practice-test/,https://www.udemy.com/course/microsoft-md-102-endpoint-management/?couponCode=41364B9C4E964549CE61,2025-05-09 23:53:28.445512
69,https://freewebcart.com/category/provider/udemy-coupon/page/7/,Decision Making for Leaders and Managers - Freewebcart,https://freewebcart.com/decision-making-for-leaders-and-managers/,https://www.udemy.com/course/decision-making-for-leaders-and-managers/?couponCode=1265682C7EA6BA3360BC,2025-05-09 23:53:29.724998
70,https://freewebcart.com/category/provider/udemy-coupon/page/8/,Unlock Fluent English: Master Idioms for Rapid Communication - Freewebcart,https://freewebcart.com/unlock-fluent-english-master-idioms-for-rapid-communication/,https://www.udemy.com/course/english-idioms-course-to-speak-fluently/?couponCode=F1EBEAB40B578E1E3DA4,2025-05-09 23:53:32.383036
71,https://freewebcart.com/category/provider/udemy-coupon/page/8/,The Complete Guide to Effective Communication Skills - Freewebcart,https://freewebcart.com/the-complete-guide-to-effective-communication-skills/,https://www.udemy.com/course/mini-course-on-effective-communications-skills/?couponCode=463BA3F5E74DFCA758D3,2025-05-09 23:53:33.686826
72,https://freewebcart.com/category/provider/udemy-coupon/page/8/,Leadership - Leading a Community - Freewebcart,https://freewebcart.com/leadership-leading-a-community/,https://www.udemy.com/course/leadership-leading-a-community/?couponCode=LEADINGACOMMUNTY77,2025-05-09 23:53:34.928496
73,https://freewebcart.com/category/provider/udemy-coupon/page/8/,Strategic Partnerships and Collaborations - Freewebcart,https://freewebcart.com/strategic-partnerships-and-collaborations/,https://www.udemy.com/course/strategic-partnerships-and-collaborations/?couponCode=STRATEGICPARTNER73,2025-05-09 23:53:36.285469
74,https://freewebcart.com/category/provider/udemy-coupon/page/8/,Workplace Productivity - Supporting Others Through Change - Freewebcart,https://freewebcart.com/workplace-productivity-supporting-others-through-change/,https://www.udemy.com/course/workplace-productivity-supporting-others-through-change/?couponCode=WPSOTC13,2025-05-09 23:53:37.629493
75,https://freewebcart.com/category/provider/udemy-coupon/page/8/,Fundamentals of Financial Services - Freewebcart,https://freewebcart.com/fundamentals-of-financial-services/,https://www.udemy.com/course/fundamentals-of-financial-services/?couponCode=FUNDAMENTALSFS79,2025-05-09 23:53:38.961692
76,https://freewebcart.com/category/provider/udemy-coupon/page/8/,Introduction to Business and Data Analysis - Freewebcart,https://freewebcart.com/introduction-to-business-and-data-analysis/,https://www.udemy.com/course/introduction-to-business-and-data-analysis/?couponCode=5D0B2E476E75E39FD7D7,2025-05-09 23:53:40.290994
77,https://freewebcart.com/category/provider/udemy-coupon/page/8/,Build a URL Shortener App with ASP.NET: Step by Step - Freewebcart,https://freewebcart.com/build-a-url-shortener-app-with-asp-net-step-by-step/,https://www.udemy.com/course/build-a-complete-aspnet-core-url-shortener-app/?couponCode=6CBB4129EA8332FC4623,2025-05-09 23:53:41.658285
78,https://freewebcart.com/category/provider/udemy-coupon/page/8/,Workplace Mental Health: Your Rights & Relaxation Tips - Freewebcart,https://freewebcart.com/workplace-mental-health-your-rights-relaxation-tips/,https://www.udemy.com/course/workplace-mental-health-your-rights-relaxation-tips/?couponCode=CEA4C15DB524643DCF8F,2025-05-09 23:53:43.009984
79,https://freewebcart.com/category/provider/udemy-coupon/page/8/,The Remote Work Blueprint: Build Your Anywhere Office - Freewebcart,https://freewebcart.com/the-remote-work-blueprint-build-your-anywhere-office/,https://www.udemy.com/course/the-remote-work-blueprint-build-your-anywhere-office/?couponCode=3CA905033A4106589497,2025-05-09 23:53:44.311897
80,https://freewebcart.com/category/provider/udemy-coupon/page/9/,Implement ISO 27001-2022 On A Budget Step by Step - Freewebcart,https://freewebcart.com/implement-iso-27001-2022-on-a-budget-step-by-step/,https://www.udemy.com/course/implement-iso-27001-2022-on-a-budget-step-by-step/?couponCode=A6D24C2256FD5CF135D0,2025-05-09 23:53:46.846034
81,https://freewebcart.com/category/provider/udemy-coupon/page/9/,Executive Certificate in Sales Management - Freewebcart,https://freewebcart.com/executive-certificate-in-sales-management/,https://www.udemy.com/course/executive-certificate-in-sales-management/?couponCode=D7C2B5DFB45C088AAEA9,2025-05-09 23:53:48.285105
82,https://freewebcart.com/category/provider/udemy-coupon/page/9/,Masterclass de Engenharia de IA: Do Zero ao Herói da IA - Freewebcart,https://freewebcart.com/masterclass-de-engenharia-de-ia-do-zero-ao-heroi-da-ia/,https://www.udemy.com/course/masterclass-de-engenharia-de-ia-do-zero-ao-heroi-da-ia/?couponCode=MAY2025AA,2025-05-09 23:53:49.624561
83,https://freewebcart.com/category/provider/udemy-coupon/page/9/,De la Recette au Chef : Devenez Ingénieur en LLM - Freewebcart,https://freewebcart.com/de-la-recette-au-chef-devenez-ingenieur-en-llm/,https://www.udemy.com/course/de-la-recette-au-chef-devenez-ingenieur-en-llm/?couponCode=MAY2025AA,2025-05-09 23:53:50.964205
84,https://freewebcart.com/category/provider/udemy-coupon/page/9/,Da Receita ao Chef: Torne-se um Engenheiro de LLM - Freewebcart,https://freewebcart.com/da-receita-ao-chef-torne-se-um-engenheiro-de-llm/,https://www.udemy.com/course/da-receita-ao-chef-torne-se-um-engenheiro-de-llm/?couponCode=MAY2025AA,2025-05-09 23:53:52.272730
85,https://freewebcart.com/category/provider/udemy-coupon/page/9/,Tariften Şefe: 100+ Projeyle LLM Mühendisi Olun - Freewebcart,https://freewebcart.com/tariften-sefe-100-projeyle-llm-muhendisi-olun/,https://www.udemy.com/course/tariften-sefe-100-projeyle-llm-muhendisi-olun/?couponCode=MAY2025AA,2025-05-09 23:53:53.674933
86,https://freewebcart.com/category/provider/udemy-coupon/page/9/,NGINX MasterClass: NGINX Server & Custom Load Balancer - Freewebcart,https://freewebcart.com/nginx-masterclass-nginx-server-custom-load-balancer/,https://www.udemy.com/course/-training/?couponCode=CBFA76BED612B7A7B90C,2025-05-09 23:53:54.995567
87,https://freewebcart.com/category/provider/udemy-coupon/page/9/,De la Receta al Chef: Conviértete en Ingeniero de LLM - Freewebcart,https://freewebcart.com/de-la-receta-al-chef-conviertete-en-ingeniero-de-llm/,https://www.udemy.com/course/de-la-receta-al-chef-conviertete-en-ingeniero-de-llm/?couponCode=MAY2025AA,2025-05-09 23:53:56.497069
88,https://freewebcart.com/category/provider/udemy-coupon/page/9/,"Maîtrise de Python : 100 Jours, 100 Projets - Freewebcart",https://freewebcart.com/maitrise-de-python-100-jours-100-projets/,https://www.udemy.com/course/maitrise-de-python-100-jours-100-projets/?couponCode=MAY2025AA,2025-05-09 23:53:57.847851
89,https://freewebcart.com/category/provider/udemy-coupon/page/9/,دورة ماجستير في هندسة الذكاء الاصطناعي - Freewebcart,https://freewebcart.com/%d8%af%d9%88%d8%b1%d8%a9-%d9%85%d8%a7%d8%ac%d8%b3%d8%aa%d9%8a%d8%b1-%d9%81%d9%8a-%d9%87%d9%86%d8%af%d8%b3%d8%a9-%d8%a7%d9%84%d8%b0%d9%83%d8%a7%d8%a1-%d8%a7%d9%84%d8%a7%d8%b5%d8%b7%d9%86%d8%a7%d8%b9/,https://www.udemy.com/course/artificial-intelligence-bootcamp-arabic/?couponCode=MAY2025AA,2025-05-09 23:53:59.169775
90,https://freewebcart.com/category/provider/udemy-coupon/page/10/,Professional Certificate in Customer Experience Management - Freewebcart,https://freewebcart.com/professional-certificate-in-customer-experience-management/,https://www.udemy.com/course/professional-certificate-in-customer-experience-management/?couponCode=880E2770117447E74D64,2025-05-09 23:54:01.808533
91,https://freewebcart.com/category/provider/udemy-coupon/page/10/,Google Cloud Network Engineer (PCNE) Full Practice Exams - Freewebcart,https://freewebcart.com/google-cloud-network-engineer-pcne-full-practice-exams/,https://www.udemy.com/course/google-cloud-network-engineer-pcne-full-practice-exams/?couponCode=5696324MAYTAR1,2025-05-09 23:54:03.251806
92,https://freewebcart.com/category/provider/udemy-coupon/page/10/,Java Network Programming - Mastering TCP/IP : CJNP+ 2024 JVA - Freewebcart,https://freewebcart.com/java-network-programming-mastering-tcp-ip-cjnp-2024-jva/,https://www.udemy.com/course/network-programming-java-mastering-java-networking/?couponCode=OCSALY-LOVES-YOU,2025-05-09 23:54:04.574176
93,https://freewebcart.com/category/provider/udemy-coupon/page/10/,C++ Code Like you are in MATRIX : Mastering C++ in 13 Hours - Freewebcart,https://freewebcart.com/c-code-like-you-are-in-matrix-mastering-c-in-13-hours/,https://www.udemy.com/course/c-programming-for-everyone/?couponCode=OCSALY-LOVES-YOU,2025-05-09 23:54:06.055753
94,https://freewebcart.com/category/provider/udemy-coupon/page/10/,Android App Development in 34 Hours : MobDevOps+ Android 15 - Freewebcart,https://freewebcart.com/android-app-development-in-34-hours-mobdevops-android-15/,https://www.udemy.com/course/android-kotlin-development/?couponCode=OCSALY-LOVES-YOU,2025-05-09 23:54:07.386861
95,https://freewebcart.com/category/provider/udemy-coupon/page/10/,Metasploit from Scratch: Beginner to Professional - Freewebcart,https://freewebcart.com/metasploit-from-scratch-beginner-to-professional/,https://www.udemy.com/course/metasploit-from-scratch-beginner-to-professional/?couponCode=BA590F982541934ECE94,2025-05-09 23:54:08.674010
96,https://freewebcart.com/category/provider/udemy-coupon/page/10/,Upgrade Your Social Media Presence with ChatGPT - Freewebcart,https://freewebcart.com/upgrade-your-social-media-presence-with-chatgpt/,https://www.udemy.com/course/upgrade-your-social-media-presence-with-chat-gpt/?couponCode=06MAY2025,2025-05-09 23:54:09.987490
97,https://freewebcart.com/category/provider/udemy-coupon/page/10/,Bootstrap Mastery: Build Responsive Websites Like a Pro - Freewebcart,https://freewebcart.com/bootstrap-mastery-build-responsive-websites-like-a-pro/,https://www.udemy.com/course/bootstrap-53-mastery-build-responsive-websites-like-a-pro/?couponCode=7D7A5E6959D4E593BB9C,2025-05-09 23:54:11.378500
98,https://freewebcart.com/category/provider/udemy-coupon/page/10/,CSS Fundamentals: Comprehensive Training for Web Developers - Freewebcart,https://freewebcart.com/css-fundamentals-comprehensive-training-for-web-developers/,https://www.udemy.com/course/css-fundamentals-comprehensive-training-for-web-developers/?couponCode=171011CA0C485D279977,2025-05-09 23:54:12.695523
99,https://freewebcart.com/category/provider/udemy-coupon/page/10/,Laravel and Postman Rest API Development: Beginner to Pro - Freewebcart,https://freewebcart.com/laravel-and-postman-rest-api-development-beginner-to-pro/,https://www.udemy.com/course/laravel-and-postman-rest-api-development-beginner-to-pro/?couponCode=0033E203FBC787B06E8F,2025-05-09 23:54:14.004728
,fwc_link,course_titles,coupon_links,coupon_url,timestamps
,fwc_link,course_titles,coupon_links,coupon_url,timestamps
0,https://freewebcart.com/category/provider/udemy-coupon/,Freewebcart - 100% Free Udemy Coupons and Discounts,,,2025-06-03 18:27:08.851144
1,https://freewebcart.com/category/provider/udemy-coupon/,Freewebcart - 100% Free Udemy Coupons and Discounts,,,2025-06-03 18:27:12.487740
2,https://freewebcart.com/category/provider/udemy-coupon/,Freewebcart - 100% Free Udemy Coupons and Discounts,,,2025-06-03 18:27:14.619515
3,https://freewebcart.com/category/provider/udemy-coupon/,Freewebcart - 100% Free Udemy Coupons and Discounts,,,2025-06-03 18:27:16.651098
4,https://freewebcart.com/category/provider/udemy-coupon/,Freewebcart - 100% Free Udemy Coupons and Discounts,,,2025-06-03 18:27:18.802772
5,https://freewebcart.com/category/provider/udemy-coupon/,Freewebcart - 100% Free Udemy Coupons and Discounts,,,2025-06-03 18:27:20.790296
6,https://freewebcart.com/category/provider/udemy-coupon/,Freewebcart - 100% Free Udemy Coupons and Discounts,,,2025-06-03 18:27:22.783507
7,https://freewebcart.com/category/provider/udemy-coupon/,Freewebcart - 100% Free Udemy Coupons and Discounts,,,2025-06-03 18:27:24.850400
8,https://freewebcart.com/category/provider/udemy-coupon/,Freewebcart - 100% Free Udemy Coupons and Discounts,,,2025-06-03 18:27:26.861100
9,https://freewebcart.com/category/provider/udemy-coupon/,Freewebcart - 100% Free Udemy Coupons and Discounts,,,2025-06-03 18:27:28.900030
10,https://freewebcart.com/category/provider/udemy-coupon/,Freewebcart - 100% Free Udemy Coupons and Discounts,,,2025-06-03 18:27:30.898713
11,https://freewebcart.com/category/provider/udemy-coupon/,Freewebcart - 100% Free Udemy Coupons and Discounts,,,2025-06-03 18:27:34.274332
12,https://freewebcart.com/category/provider/udemy-coupon/,Freewebcart - 100% Free Udemy Coupons and Discounts,,,2025-06-03 18:27:36.246060
13,https://freewebcart.com/category/provider/udemy-coupon/,Freewebcart - 100% Free Udemy Coupons and Discounts,,,2025-06-03 18:27:38.328013
14,https://freewebcart.com/category/provider/udemy-coupon/,Freewebcart - 100% Free Udemy Coupons and Discounts,,,2025-06-03 18:27:40.275529
15,https://freewebcart.com/category/provider/udemy-coupon/,Freewebcart - 100% Free Udemy Coupons and Discounts,,,2025-06-03 18:27:42.259752
16,https://freewebcart.com/category/provider/udemy-coupon/,Freewebcart - 100% Free Udemy Coupons and Discounts,,,2025-06-03 18:27:44.324741
17,https://freewebcart.com/category/provider/udemy-coupon/page/2/,Freewebcart - 100% Free Udemy Coupons and Discounts,,,2025-06-03 18:27:47.645039
18,https://freewebcart.com/category/provider/udemy-coupon/page/2/,Freewebcart - 100% Free Udemy Coupons and Discounts,,,2025-06-03 18:27:48.998301
19,https://freewebcart.com/category/provider/udemy-coupon/page/2/,Freewebcart - 100% Free Udemy Coupons and Discounts,,,2025-06-03 18:27:58.724348
20,https://freewebcart.com/category/provider/udemy-coupon/page/2/,Freewebcart - 100% Free Udemy Coupons and Discounts,,,2025-06-03 18:28:00.064636
21,https://freewebcart.com/category/provider/udemy-coupon/page/2/,Freewebcart - 100% Free Udemy Coupons and Discounts,,,2025-06-03 18:28:02.866446
22,https://freewebcart.com/category/provider/udemy-coupon/page/2/,Freewebcart - 100% Free Udemy Coupons and Discounts,,,2025-06-03 18:28:04.846743
23,https://freewebcart.com/category/provider/udemy-coupon/page/2/,Freewebcart - 100% Free Udemy Coupons and Discounts,,,2025-06-03 18:28:07.269772
24,https://freewebcart.com/category/provider/udemy-coupon/page/2/,Freewebcart - 100% Free Udemy Coupons and Discounts,,,2025-06-03 18:28:08.639352
25,https://freewebcart.com/category/provider/udemy-coupon/page/2/,Freewebcart - 100% Free Udemy Coupons and Discounts,,,2025-06-03 18:28:10.692819
26,https://freewebcart.com/category/provider/udemy-coupon/page/2/,Freewebcart - 100% Free Udemy Coupons and Discounts,,,2025-06-03 18:28:12.716399
27,https://freewebcart.com/category/provider/udemy-coupon/page/2/,Freewebcart - 100% Free Udemy Coupons and Discounts,,,2025-06-03 18:28:14.679351
28,https://freewebcart.com/category/provider/udemy-coupon/page/2/,Freewebcart - 100% Free Udemy Coupons and Discounts,,,2025-06-03 18:28:16.832198
29,https://freewebcart.com/category/provider/udemy-coupon/page/2/,Freewebcart - 100% Free Udemy Coupons and Discounts,,,2025-06-03 18:28:19.217021
30,https://freewebcart.com/category/provider/udemy-coupon/page/2/,Freewebcart - 100% Free Udemy Coupons and Discounts,,,2025-06-03 18:28:20.619386
31,https://freewebcart.com/category/provider/udemy-coupon/page/2/,Freewebcart - 100% Free Udemy Coupons and Discounts,,,2025-06-03 18:28:21.947419
32,https://freewebcart.com/category/provider/udemy-coupon/page/2/,Freewebcart - 100% Free Udemy Coupons and Discounts,,,2025-06-03 18:28:24.802844
33,https://freewebcart.com/category/provider/udemy-coupon/page/2/,Freewebcart - 100% Free Udemy Coupons and Discounts,,,2025-06-03 18:28:27.119659
34,https://freewebcart.com/category/provider/udemy-coupon/page/3/,Freewebcart - 100% Free Udemy Coupons and Discounts,,,2025-06-03 18:28:30.487566
35,https://freewebcart.com/category/provider/udemy-coupon/page/3/,Freewebcart - 100% Free Udemy Coupons and Discounts,,,2025-06-03 18:28:32.463979
36,https://freewebcart.com/category/provider/udemy-coupon/page/3/,Freewebcart - 100% Free Udemy Coupons and Discounts,,,2025-06-03 18:28:34.502105
37,https://freewebcart.com/category/provider/udemy-coupon/page/3/,Freewebcart - 100% Free Udemy Coupons and Discounts,,,2025-06-03 18:28:36.532027
38,https://freewebcart.com/category/provider/udemy-coupon/page/3/,Freewebcart - 100% Free Udemy Coupons and Discounts,,,2025-06-03 18:28:38.649915
39,https://freewebcart.com/category/provider/udemy-coupon/page/3/,Freewebcart - 100% Free Udemy Coupons and Discounts,,,2025-06-03 18:28:41.326659
40,https://freewebcart.com/category/provider/udemy-coupon/page/3/,Freewebcart - 100% Free Udemy Coupons and Discounts,,,2025-06-03 18:28:43.285221
41,https://freewebcart.com/category/provider/udemy-coupon/page/3/,Freewebcart - 100% Free Udemy Coupons and Discounts,,,2025-06-03 18:28:44.627514
42,https://freewebcart.com/category/provider/udemy-coupon/page/3/,Freewebcart - 100% Free Udemy Coupons and Discounts,,,2025-06-03 18:28:45.954623
43,https://freewebcart.com/category/provider/udemy-coupon/page/3/,Freewebcart - 100% Free Udemy Coupons and Discounts,,,2025-06-03 18:28:47.985914
44,https://freewebcart.com/category/provider/udemy-coupon/page/3/,Freewebcart - 100% Free Udemy Coupons and Discounts,,,2025-06-03 18:28:49.281370
45,https://freewebcart.com/category/provider/udemy-coupon/page/3/,Freewebcart - 100% Free Udemy Coupons and Discounts,,,2025-06-03 18:28:51.338178
46,https://freewebcart.com/category/provider/udemy-coupon/page/3/,Freewebcart - 100% Free Udemy Coupons and Discounts,,,2025-06-03 18:28:52.657846
47,https://freewebcart.com/category/provider/udemy-coupon/page/3/,Freewebcart - 100% Free Udemy Coupons and Discounts,,,2025-06-03 18:28:54.625979
48,https://freewebcart.com/category/provider/udemy-coupon/page/3/,Freewebcart - 100% Free Udemy Coupons and Discounts,,,2025-06-03 18:28:56.633522
49,https://freewebcart.com/category/provider/udemy-coupon/page/3/,Freewebcart - 100% Free Udemy Coupons and Discounts,,,2025-06-03 18:28:57.948004
50,https://freewebcart.com/category/provider/udemy-coupon/page/3/,Freewebcart - 100% Free Udemy Coupons and Discounts,,,2025-06-03 18:28:59.959266
51,https://freewebcart.com/category/provider/udemy-coupon/page/4/,Freewebcart - 100% Free Udemy Coupons and Discounts,,,2025-06-03 18:29:03.361455
52,https://freewebcart.com/category/provider/udemy-coupon/page/4/,Freewebcart - 100% Free Udemy Coupons and Discounts,,,2025-06-03 18:29:05.381340
53,https://freewebcart.com/category/provider/udemy-coupon/page/4/,Freewebcart - 100% Free Udemy Coupons and Discounts,,,2025-06-03 18:29:07.444356
54,https://freewebcart.com/category/provider/udemy-coupon/page/4/,Freewebcart - 100% Free Udemy Coupons and Discounts,,,2025-06-03 18:29:09.459511
55,https://freewebcart.com/category/provider/udemy-coupon/page/4/,Freewebcart - 100% Free Udemy Coupons and Discounts,,,2025-06-03 18:29:10.767097
56,https://freewebcart.com/category/provider/udemy-coupon/page/4/,Freewebcart - 100% Free Udemy Coupons and Discounts,,,2025-06-03 18:29:12.802841
57,https://freewebcart.com/category/provider/udemy-coupon/page/4/,Freewebcart - 100% Free Udemy Coupons and Discounts,,,2025-06-03 18:29:14.994038
58,https://freewebcart.com/category/provider/udemy-coupon/page/4/,Freewebcart - 100% Free Udemy Coupons and Discounts,,,2025-06-03 18:29:18.654944
59,https://freewebcart.com/category/provider/udemy-coupon/page/4/,Freewebcart - 100% Free Udemy Coupons and Discounts,,,2025-06-03 18:29:19.945299
60,https://freewebcart.com/category/provider/udemy-coupon/page/4/,Freewebcart - 100% Free Udemy Coupons and Discounts,,,2025-06-03 18:29:21.303328
61,https://freewebcart.com/category/provider/udemy-coupon/page/4/,Freewebcart - 100% Free Udemy Coupons and Discounts,,,2025-06-03 18:29:23.326518
62,https://freewebcart.com/category/provider/udemy-coupon/page/4/,Freewebcart - 100% Free Udemy Coupons and Discounts,,,2025-06-03 18:29:25.462917
63,https://freewebcart.com/category/provider/udemy-coupon/page/4/,Freewebcart - 100% Free Udemy Coupons and Discounts,,,2025-06-03 18:29:27.503677
64,https://freewebcart.com/category/provider/udemy-coupon/page/4/,Freewebcart - 100% Free Udemy Coupons and Discounts,,,2025-06-03 18:29:29.658728
65,https://freewebcart.com/category/provider/udemy-coupon/page/4/,Freewebcart - 100% Free Udemy Coupons and Discounts,,,2025-06-03 18:29:31.711068
66,https://freewebcart.com/category/provider/udemy-coupon/page/4/,Freewebcart - 100% Free Udemy Coupons and Discounts,,,2025-06-03 18:29:33.110171
67,https://freewebcart.com/category/provider/udemy-coupon/page/4/,Freewebcart - 100% Free Udemy Coupons and Discounts,,,2025-06-03 18:29:34.563106
68,https://freewebcart.com/category/provider/udemy-coupon/page/5/,Freewebcart - 100% Free Udemy Coupons and Discounts,,,2025-06-03 18:29:37.181417
69,https://freewebcart.com/category/provider/udemy-coupon/page/5/,Freewebcart - 100% Free Udemy Coupons and Discounts,,,2025-06-03 18:29:38.526209
70,https://freewebcart.com/category/provider/udemy-coupon/page/5/,Freewebcart - 100% Free Udemy Coupons and Discounts,,,2025-06-03 18:29:39.843968
71,https://freewebcart.com/category/provider/udemy-coupon/page/5/,Freewebcart - 100% Free Udemy Coupons and Discounts,,,2025-06-03 18:29:41.152363
72,https://freewebcart.com/category/provider/udemy-coupon/page/5/,Freewebcart - 100% Free Udemy Coupons and Discounts,,,2025-06-03 18:29:43.117122
73,https://freewebcart.com/category/provider/udemy-coupon/page/5/,Freewebcart - 100% Free Udemy Coupons and Discounts,,,2025-06-03 18:29:44.407129
74,https://freewebcart.com/category/provider/udemy-coupon/page/5/,Freewebcart - 100% Free Udemy Coupons and Discounts,,,2025-06-03 18:29:45.738747
75,https://freewebcart.com/category/provider/udemy-coupon/page/5/,Freewebcart - 100% Free Udemy Coupons and Discounts,,,2025-06-03 18:29:47.030391
76,https://freewebcart.com/category/provider/udemy-coupon/page/5/,Freewebcart - 100% Free Udemy Coupons and Discounts,,,2025-06-03 18:29:49.021766
77,https://freewebcart.com/category/provider/udemy-coupon/page/5/,Freewebcart - 100% Free Udemy Coupons and Discounts,,,2025-06-03 18:29:50.311312
78,https://freewebcart.com/category/provider/udemy-coupon/page/5/,Freewebcart - 100% Free Udemy Coupons and Discounts,,,2025-06-03 18:29:51.694772
79,https://freewebcart.com/category/provider/udemy-coupon/page/5/,Freewebcart - 100% Free Udemy Coupons and Discounts,,,2025-06-03 18:29:53.049752
80,https://freewebcart.com/category/provider/udemy-coupon/page/5/,Freewebcart - 100% Free Udemy Coupons and Discounts,,,2025-06-03 18:29:55.002502
81,https://freewebcart.com/category/provider/udemy-coupon/page/5/,Freewebcart - 100% Free Udemy Coupons and Discounts,,,2025-06-03 18:29:56.966007
82,https://freewebcart.com/category/provider/udemy-coupon/page/5/,Freewebcart - 100% Free Udemy Coupons and Discounts,,,2025-06-03 18:29:58.367946
83,https://freewebcart.com/category/provider/udemy-coupon/page/5/,Freewebcart - 100% Free Udemy Coupons and Discounts,,,2025-06-03 18:30:00.330046
84,https://freewebcart.com/category/provider/udemy-coupon/page/5/,Freewebcart - 100% Free Udemy Coupons and Discounts,,,2025-06-03 18:30:02.326657
85,https://freewebcart.com/category/provider/udemy-coupon/page/6/,Freewebcart - 100% Free Udemy Coupons and Discounts,,,2025-06-03 18:30:05.041322
86,https://freewebcart.com/category/provider/udemy-coupon/page/6/,Freewebcart - 100% Free Udemy Coupons and Discounts,,,2025-06-03 18:30:06.364680
87,https://freewebcart.com/category/provider/udemy-coupon/page/6/,Freewebcart - 100% Free Udemy Coupons and Discounts,,,2025-06-03 18:30:07.765501
88,https://freewebcart.com/category/provider/udemy-coupon/page/6/,Freewebcart - 100% Free Udemy Coupons and Discounts,,,2025-06-03 18:30:09.057331
89,https://freewebcart.com/category/provider/udemy-coupon/page/6/,Freewebcart - 100% Free Udemy Coupons and Discounts,,,2025-06-03 18:30:10.422532
90,https://freewebcart.com/category/provider/udemy-coupon/page/6/,Freewebcart - 100% Free Udemy Coupons and Discounts,,,2025-06-03 18:30:12.511340
91,https://freewebcart.com/category/provider/udemy-coupon/page/6/,Freewebcart - 100% Free Udemy Coupons and Discounts,,,2025-06-03 18:30:13.877062
92,https://freewebcart.com/category/provider/udemy-coupon/page/6/,Freewebcart - 100% Free Udemy Coupons and Discounts,,,2025-06-03 18:30:15.946945
93,https://freewebcart.com/category/provider/udemy-coupon/page/6/,Freewebcart - 100% Free Udemy Coupons and Discounts,,,2025-06-03 18:30:17.250730
94,https://freewebcart.com/category/provider/udemy-coupon/page/6/,Freewebcart - 100% Free Udemy Coupons and Discounts,,,2025-06-03 18:30:19.222009
95,https://freewebcart.com/category/provider/udemy-coupon/page/6/,Freewebcart - 100% Free Udemy Coupons and Discounts,,,2025-06-03 18:30:21.249720
96,https://freewebcart.com/category/provider/udemy-coupon/page/6/,Freewebcart - 100% Free Udemy Coupons and Discounts,,,2025-06-03 18:30:22.609073
97,https://freewebcart.com/category/provider/udemy-coupon/page/6/,Freewebcart - 100% Free Udemy Coupons and Discounts,,,2025-06-03 18:30:24.621746
98,https://freewebcart.com/category/provider/udemy-coupon/page/6/,Freewebcart - 100% Free Udemy Coupons and Discounts,,,2025-06-03 18:30:26.687647
99,https://freewebcart.com/category/provider/udemy-coupon/page/6/,Freewebcart - 100% Free Udemy Coupons and Discounts,,,2025-06-03 18:30:29.272742
100,https://freewebcart.com/category/provider/udemy-coupon/page/6/,Freewebcart - 100% Free Udemy Coupons and Discounts,,,2025-06-03 18:30:30.594788
101,https://freewebcart.com/category/provider/udemy-coupon/page/6/,Freewebcart - 100% Free Udemy Coupons and Discounts,,,2025-06-03 18:30:32.629781
102,https://freewebcart.com/category/provider/udemy-coupon/page/7/,Freewebcart - 100% Free Udemy Coupons and Discounts,,,2025-06-03 18:30:36.692854
103,https://freewebcart.com/category/provider/udemy-coupon/page/7/,Freewebcart - 100% Free Udemy Coupons and Discounts,,,2025-06-03 18:30:38.696022
104,https://freewebcart.com/category/provider/udemy-coupon/page/7/,Freewebcart - 100% Free Udemy Coupons and Discounts,,,2025-06-03 18:30:40.028467
105,https://freewebcart.com/category/provider/udemy-coupon/page/7/,Freewebcart - 100% Free Udemy Coupons and Discounts,,,2025-06-03 18:30:41.382026
106,https://freewebcart.com/category/provider/udemy-coupon/page/7/,Freewebcart - 100% Free Udemy Coupons and Discounts,,,2025-06-03 18:30:43.433665
107,https://freewebcart.com/category/provider/udemy-coupon/page/7/,Freewebcart - 100% Free Udemy Coupons and Discounts,,,2025-06-03 18:30:44.805302
108,https://freewebcart.com/category/provider/udemy-coupon/page/7/,Freewebcart - 100% Free Udemy Coupons and Discounts,,,2025-06-03 18:30:46.107755
109,https://freewebcart.com/category/provider/udemy-coupon/page/7/,Freewebcart - 100% Free Udemy Coupons and Discounts,,,2025-06-03 18:30:47.403044
110,https://freewebcart.com/category/provider/udemy-coupon/page/7/,Freewebcart - 100% Free Udemy Coupons and Discounts,,,2025-06-03 18:30:49.408526
111,https://freewebcart.com/category/provider/udemy-coupon/page/7/,Freewebcart - 100% Free Udemy Coupons and Discounts,,,2025-06-03 18:30:51.395326
112,https://freewebcart.com/category/provider/udemy-coupon/page/7/,Freewebcart - 100% Free Udemy Coupons and Discounts,,,2025-06-03 18:30:52.725460
113,https://freewebcart.com/category/provider/udemy-coupon/page/7/,Freewebcart - 100% Free Udemy Coupons and Discounts,,,2025-06-03 18:30:54.575732
114,https://freewebcart.com/category/provider/udemy-coupon/page/7/,Freewebcart - 100% Free Udemy Coupons and Discounts,,,2025-06-03 18:30:55.861479
115,https://freewebcart.com/category/provider/udemy-coupon/page/7/,Freewebcart - 100% Free Udemy Coupons and Discounts,,,2025-06-03 18:30:59.162387
116,https://freewebcart.com/category/provider/udemy-coupon/page/7/,Freewebcart - 100% Free Udemy Coupons and Discounts,,,2025-06-03 18:31:00.449098
117,https://freewebcart.com/category/provider/udemy-coupon/page/7/,Freewebcart - 100% Free Udemy Coupons and Discounts,,,2025-06-03 18:31:02.524281
118,https://freewebcart.com/category/provider/udemy-coupon/page/7/,Freewebcart - 100% Free Udemy Coupons and Discounts,,,2025-06-03 18:31:03.828214
119,https://freewebcart.com/category/provider/udemy-coupon/page/8/,Freewebcart - 100% Free Udemy Coupons and Discounts,,,2025-06-03 18:31:06.398157
120,https://freewebcart.com/category/provider/udemy-coupon/page/8/,Freewebcart - 100% Free Udemy Coupons and Discounts,,,2025-06-03 18:31:07.708288
121,https://freewebcart.com/category/provider/udemy-coupon/page/8/,Freewebcart - 100% Free Udemy Coupons and Discounts,,,2025-06-03 18:31:09.020253
122,https://freewebcart.com/category/provider/udemy-coupon/page/8/,Freewebcart - 100% Free Udemy Coupons and Discounts,,,2025-06-03 18:31:11.045477
123,https://freewebcart.com/category/provider/udemy-coupon/page/8/,Freewebcart - 100% Free Udemy Coupons and Discounts,,,2025-06-03 18:31:12.386862
124,https://freewebcart.com/category/provider/udemy-coupon/page/8/,Freewebcart - 100% Free Udemy Coupons and Discounts,,,2025-06-03 18:31:13.700784
125,https://freewebcart.com/category/provider/udemy-coupon/page/8/,Freewebcart - 100% Free Udemy Coupons and Discounts,,,2025-06-03 18:31:15.786769
126,https://freewebcart.com/category/provider/udemy-coupon/page/8/,Freewebcart - 100% Free Udemy Coupons and Discounts,,,2025-06-03 18:31:17.141188
127,https://freewebcart.com/category/provider/udemy-coupon/page/8/,Freewebcart - 100% Free Udemy Coupons and Discounts,,,2025-06-03 18:31:18.458211
128,https://freewebcart.com/category/provider/udemy-coupon/page/8/,Freewebcart - 100% Free Udemy Coupons and Discounts,,,2025-06-03 18:31:19.785116
129,https://freewebcart.com/category/provider/udemy-coupon/page/8/,Freewebcart - 100% Free Udemy Coupons and Discounts,,,2025-06-03 18:31:26.913909
130,https://freewebcart.com/category/provider/udemy-coupon/page/8/,Freewebcart - 100% Free Udemy Coupons and Discounts,,,2025-06-03 18:31:28.885911
131,https://freewebcart.com/category/provider/udemy-coupon/page/8/,Freewebcart - 100% Free Udemy Coupons and Discounts,,,2025-06-03 18:31:30.203230
132,https://freewebcart.com/category/provider/udemy-coupon/page/8/,Freewebcart - 100% Free Udemy Coupons and Discounts,,,2025-06-03 18:31:31.636848
133,https://freewebcart.com/category/provider/udemy-coupon/page/8/,Freewebcart - 100% Free Udemy Coupons and Discounts,,,2025-06-03 18:31:33.003486
134,https://freewebcart.com/category/provider/udemy-coupon/page/8/,Freewebcart - 100% Free Udemy Coupons and Discounts,,,2025-06-03 18:31:34.376991
135,https://freewebcart.com/category/provider/udemy-coupon/page/8/,Freewebcart - 100% Free Udemy Coupons and Discounts,,,2025-06-03 18:31:36.505206
136,https://freewebcart.com/category/provider/udemy-coupon/page/9/,Freewebcart - 100% Free Udemy Coupons and Discounts,,,2025-06-03 18:31:39.130194
137,https://freewebcart.com/category/provider/udemy-coupon/page/9/,Freewebcart - 100% Free Udemy Coupons and Discounts,,,2025-06-03 18:31:41.116747
138,https://freewebcart.com/category/provider/udemy-coupon/page/9/,Freewebcart - 100% Free Udemy Coupons and Discounts,,,2025-06-03 18:31:42.395964
139,https://freewebcart.com/category/provider/udemy-coupon/page/9/,Freewebcart - 100% Free Udemy Coupons and Discounts,,,2025-06-03 18:31:44.366669
140,https://freewebcart.com/category/provider/udemy-coupon/page/9/,Freewebcart - 100% Free Udemy Coupons and Discounts,,,2025-06-03 18:31:45.693121
141,https://freewebcart.com/category/provider/udemy-coupon/page/9/,Freewebcart - 100% Free Udemy Coupons and Discounts,,,2025-06-03 18:31:47.706294
142,https://freewebcart.com/category/provider/udemy-coupon/page/9/,Freewebcart - 100% Free Udemy Coupons and Discounts,,,2025-06-03 18:31:49.054099
143,https://freewebcart.com/category/provider/udemy-coupon/page/9/,Freewebcart - 100% Free Udemy Coupons and Discounts,,,2025-06-03 18:31:50.348525
144,https://freewebcart.com/category/provider/udemy-coupon/page/9/,Freewebcart - 100% Free Udemy Coupons and Discounts,,,2025-06-03 18:31:52.302116
145,https://freewebcart.com/category/provider/udemy-coupon/page/9/,Freewebcart - 100% Free Udemy Coupons and Discounts,,,2025-06-03 18:31:53.641587
146,https://freewebcart.com/category/provider/udemy-coupon/page/9/,Freewebcart - 100% Free Udemy Coupons and Discounts,,,2025-06-03 18:31:54.947863
147,https://freewebcart.com/category/provider/udemy-coupon/page/9/,Freewebcart - 100% Free Udemy Coupons and Discounts,,,2025-06-03 18:31:56.299801
148,https://freewebcart.com/category/provider/udemy-coupon/page/9/,Freewebcart - 100% Free Udemy Coupons and Discounts,,,2025-06-03 18:31:57.675816
149,https://freewebcart.com/category/provider/udemy-coupon/page/9/,Freewebcart - 100% Free Udemy Coupons and Discounts,,,2025-06-03 18:31:59.709568
150,https://freewebcart.com/category/provider/udemy-coupon/page/9/,Freewebcart - 100% Free Udemy Coupons and Discounts,,,2025-06-03 18:32:01.039388
151,https://freewebcart.com/category/provider/udemy-coupon/page/9/,Freewebcart - 100% Free Udemy Coupons and Discounts,,,2025-06-03 18:32:03.028359
152,https://freewebcart.com/category/provider/udemy-coupon/page/9/,Freewebcart - 100% Free Udemy Coupons and Discounts,,,2025-06-03 18:32:04.329534
153,https://freewebcart.com/category/provider/udemy-coupon/page/10/,Freewebcart - 100% Free Udemy Coupons and Discounts,,,2025-06-03 18:32:07.117209
154,https://freewebcart.com/category/provider/udemy-coupon/page/10/,Freewebcart - 100% Free Udemy Coupons and Discounts,,,2025-06-03 18:32:08.422377
155,https://freewebcart.com/category/provider/udemy-coupon/page/10/,Freewebcart - 100% Free Udemy Coupons and Discounts,,,2025-06-03 18:32:09.722270
156,https://freewebcart.com/category/provider/udemy-coupon/page/10/,Freewebcart - 100% Free Udemy Coupons and Discounts,,,2025-06-03 18:32:11.528519
157,https://freewebcart.com/category/provider/udemy-coupon/page/10/,Freewebcart - 100% Free Udemy Coupons and Discounts,,,2025-06-03 18:32:12.882313
158,https://freewebcart.com/category/provider/udemy-coupon/page/10/,Freewebcart - 100% Free Udemy Coupons and Discounts,,,2025-06-03 18:32:14.215959
159,https://freewebcart.com/category/provider/udemy-coupon/page/10/,Freewebcart - 100% Free Udemy Coupons and Discounts,,,2025-06-03 18:32:15.583938
160,https://freewebcart.com/category/provider/udemy-coupon/page/10/,Freewebcart - 100% Free Udemy Coupons and Discounts,,,2025-06-03 18:32:16.912857
161,https://freewebcart.com/category/provider/udemy-coupon/page/10/,Freewebcart - 100% Free Udemy Coupons and Discounts,,,2025-06-03 18:32:18.219836
162,https://freewebcart.com/category/provider/udemy-coupon/page/10/,Freewebcart - 100% Free Udemy Coupons and Discounts,,,2025-06-03 18:32:19.501444
163,https://freewebcart.com/category/provider/udemy-coupon/page/10/,Freewebcart - 100% Free Udemy Coupons and Discounts,,,2025-06-03 18:32:20.832090
164,https://freewebcart.com/category/provider/udemy-coupon/page/10/,Freewebcart - 100% Free Udemy Coupons and Discounts,,,2025-06-03 18:32:22.802828
165,https://freewebcart.com/category/provider/udemy-coupon/page/10/,Freewebcart - 100% Free Udemy Coupons and Discounts,,,2025-06-03 18:32:24.225057
166,https://freewebcart.com/category/provider/udemy-coupon/page/10/,Freewebcart - 100% Free Udemy Coupons and Discounts,,,2025-06-03 18:32:25.553085
167,https://freewebcart.com/category/provider/udemy-coupon/page/10/,Freewebcart - 100% Free Udemy Coupons and Discounts,,,2025-06-03 18:32:26.970660
168,https://freewebcart.com/category/provider/udemy-coupon/page/10/,Freewebcart - 100% Free Udemy Coupons and Discounts,,,2025-06-03 18:32:28.400529
169,https://freewebcart.com/category/provider/udemy-coupon/page/10/,Freewebcart - 100% Free Udemy Coupons and Discounts,,,2025-06-03 18:32:29.699424
